,frame,timestamp,rssi,frame_control,source_mac,core,seq_num,channel_spec,spatial_stream,chip,rssi_ma
0,0,1750559049374478,-50,8,3C:6A:D2:84:AD:40,0,55504,2ae0,0,43455c0,
1,1,1750559049384904,-50,128,3C:6A:D2:84:AD:40,0,32512,2ae0,0,43455c0,
2,2,1750559049487239,-52,128,3C:6A:D2:84:AD:40,0,32528,2ae0,0,43455c0,-50.666666666666664
3,3,1750559049589649,-50,128,3C:6A:D2:84:AD:40,0,32544,2ae0,0,43455c0,-50.666666666666664
4,4,1750559049692035,-52,128,3C:6A:D2:84:AD:40,0,32560,2ae0,0,43455c0,-51.333333333333336
5,5,1750559049794446,-52,128,3C:6A:D2:84:AD:40,0,32576,2ae0,0,43455c0,-51.333333333333336
6,6,1750559049896855,-53,128,3C:6A:D2:84:AD:40,0,32592,2ae0,0,43455c0,-52.333333333333336
7,7,1750559049999239,-52,128,3C:6A:D2:84:AD:40,0,32608,2ae0,0,43455c0,-52.333333333333336
8,8,1750559050101878,-54,128,3C:6A:D2:84:AD:40,0,32624,2ae0,0,43455c0,-53.0
9,9,1750559050204288,-57,128,3C:6A:D2:84:AD:40,0,32640,2ae0,0,43455c0,-54.333333333333336
10,10,1750559050306719,-54,128,3C:6A:D2:84:AD:40,0,32656,2ae0,0,43455c0,-55.0
11,11,1750559050408083,-53,128,3C:6A:D2:84:AD:40,0,32672,2ae0,0,43455c0,-54.666666666666664
12,12,1750559050511512,-55,128,3C:6A:D2:84:AD:40,0,32688,2ae0,0,43455c0,-54.0
13,13,1750559050614357,-57,128,3C:6A:D2:84:AD:40,0,32704,2ae0,0,43455c0,-55.0
14,14,1750559050716333,-56,128,3C:6A:D2:84:AD:40,0,32720,2ae0,0,43455c0,-56.0
15,15,1750559050818696,-60,128,3C:6A:D2:84:AD:40,0,32736,2ae0,0,43455c0,-57.666666666666664
16,16,1750559050921084,-58,128,3C:6A:D2:84:AD:40,0,32752,2ae0,0,43455c0,-58.0
17,17,1750559051023457,-55,128,3C:6A:D2:84:AD:40,0,32768,2ae0,0,43455c0,-57.666666666666664
18,18,1750559051127549,-54,128,3C:6A:D2:84:AD:40,0,32784,2ae0,0,43455c0,-55.666666666666664
19,19,1750559051228290,-53,128,3C:6A:D2:84:AD:40,0,32800,2ae0,0,43455c0,-54.0
20,20,1750559051330717,-51,128,3C:6A:D2:84:AD:40,0,32816,2ae0,0,43455c0,-52.666666666666664
21,21,1750559051433091,-52,128,3C:6A:D2:84:AD:40,0,32832,2ae0,0,43455c0,-52.0
22,22,1750559051535477,-50,128,3C:6A:D2:84:AD:40,0,32848,2ae0,0,43455c0,-51.0
23,23,1750559051637849,-51,128,3C:6A:D2:84:AD:40,0,32864,2ae0,0,43455c0,-51.0
24,24,1750559051740285,-49,128,3C:6A:D2:84:AD:40,0,32880,2ae0,0,43455c0,-50.0
25,25,1750559051842875,-50,128,3C:6A:D2:84:AD:40,0,32896,2ae0,0,43455c0,-50.0
26,26,1750559051945096,-54,128,3C:6A:D2:84:AD:40,0,32912,2ae0,0,43455c0,-51.0
27,27,1750559052047513,-50,128,3C:6A:D2:84:AD:40,0,32928,2ae0,0,43455c0,-51.333333333333336
28,28,1750559052149918,-53,128,3C:6A:D2:84:AD:40,0,32944,2ae0,0,43455c0,-52.333333333333336
29,29,1750559052252361,-54,128,3C:6A:D2:84:AD:40,0,32960,2ae0,0,43455c0,-52.333333333333336
30,30,1750559052354695,-52,128,3C:6A:D2:84:AD:40,0,32976,2ae0,0,43455c0,-53.0
31,31,1750559052457112,-54,128,3C:6A:D2:84:AD:40,0,32992,2ae0,0,43455c0,-53.333333333333336
32,32,1750559052559509,-54,128,3C:6A:D2:84:AD:40,0,33008,2ae0,0,43455c0,-53.333333333333336
33,33,1750559052661977,-54,128,3C:6A:D2:84:AD:40,0,33024,2ae0,0,43455c0,-54.0
34,34,1750559052667973,-54,8,3C:6A:D2:84:AD:40,0,55520,2ae0,0,43455c0,-54.0
35,35,1750559052669537,-54,8,3C:6A:D2:84:AD:40,0,55536,2ae0,0,43455c0,-54.0
36,36,1750559052717708,-53,8,3C:6A:D2:84:AD:40,0,55552,2ae0,0,43455c0,-53.666666666666664
37,37,1750559052730718,-52,8,3C:6A:D2:84:AD:40,0,55568,2ae0,0,43455c0,-53.0
38,38,1750559052734352,-52,8,3C:6A:D2:84:AD:40,0,55584,2ae0,0,43455c0,-52.333333333333336
39,39,1750559052735891,-52,8,3C:6A:D2:84:AD:40,0,55600,2ae0,0,43455c0,-52.0
40,40,1750559052764562,-55,128,3C:6A:D2:84:AD:40,0,33040,2ae0,0,43455c0,-53.0
41,41,1750559052768457,-55,8,3C:6A:D2:84:AD:40,0,55616,2ae0,0,43455c0,-54.0
42,42,1750559052819324,-55,8,3C:6A:D2:84:AD:40,0,55632,2ae0,0,43455c0,-55.0
43,43,1750559052866707,-56,128,3C:6A:D2:84:AD:40,0,33056,2ae0,0,43455c0,-55.333333333333336
44,44,1750559052871804,-55,8,3C:6A:D2:84:AD:40,0,55648,2ae0,0,43455c0,-55.333333333333336
45,45,1750559052919082,-56,8,3C:6A:D2:84:AD:40,0,55664,2ae0,0,43455c0,-55.666666666666664
46,46,1750559052945515,-54,8,3C:6A:D2:84:AD:40,0,55680,2ae0,0,43455c0,-55.0
47,47,1750559052947955,-54,8,3C:6A:D2:84:AD:40,0,55696,2ae0,0,43455c0,-54.666666666666664
48,48,1750559052969038,-54,128,3C:6A:D2:84:AD:40,0,33072,2ae0,0,43455c0,-54.0
49,49,1750559052972493,-54,8,3C:6A:D2:84:AD:40,0,55712,2ae0,0,43455c0,-54.0
50,50,1750559053024560,-55,8,3C:6A:D2:84:AD:40,0,55728,2ae0,0,43455c0,-54.333333333333336
51,51,1750559053068376,-54,8,3C:6A:D2:84:AD:40,0,55744,2ae0,0,43455c0,-54.333333333333336
52,52,1750559053071513,-54,128,3C:6A:D2:84:AD:40,0,33088,2ae0,0,43455c0,-54.333333333333336
53,53,1750559053117075,-58,8,3C:6A:D2:84:AD:40,0,55760,2ae0,0,43455c0,-55.333333333333336
54,54,1750559053168347,-54,8,3C:6A:D2:84:AD:40,0,55776,2ae0,0,43455c0,-55.333333333333336
55,55,1750559053173226,-55,128,3C:6A:D2:84:AD:40,0,33104,2ae0,0,43455c0,-55.666666666666664
56,56,1750559053203483,-54,8,3C:6A:D2:84:AD:40,0,55792,2ae0,0,43455c0,-54.333333333333336
57,57,1750559053204299,-54,8,3C:6A:D2:84:AD:40,0,55824,2ae0,0,43455c0,-54.333333333333336
58,58,1750559053276518,-56,128,3C:6A:D2:84:AD:40,0,33120,2ae0,0,43455c0,-54.666666666666664
59,59,1750559053377636,-53,128,3C:6A:D2:84:AD:40,0,33136,2ae0,0,43455c0,-54.333333333333336
60,60,1750559053480070,-53,128,3C:6A:D2:84:AD:40,0,33152,2ae0,0,43455c0,-54.0
61,61,1750559053583532,-50,128,3C:6A:D2:84:AD:40,0,33168,2ae0,0,43455c0,-52.0
62,62,1750559053685441,-52,128,3C:6A:D2:84:AD:40,0,33184,2ae0,0,43455c0,-51.666666666666664
63,63,1750559053788308,-55,128,3C:6A:D2:84:AD:40,0,33200,2ae0,0,43455c0,-52.333333333333336
64,64,1750559053890478,-53,128,3C:6A:D2:84:AD:40,0,33216,2ae0,0,43455c0,-53.333333333333336
65,65,1750559053992875,-54,128,3C:6A:D2:84:AD:40,0,33232,2ae0,0,43455c0,-54.0
66,66,1750559054097591,-56,128,3C:6A:D2:84:AD:40,0,33248,2ae0,0,43455c0,-54.333333333333336
67,67,1750559054197940,-52,128,3C:6A:D2:84:AD:40,0,33264,2ae0,0,43455c0,-54.0
68,68,1750559054300610,-56,128,3C:6A:D2:84:AD:40,0,33280,2ae0,0,43455c0,-54.666666666666664
69,69,1750559054402564,-56,128,3C:6A:D2:84:AD:40,0,33296,2ae0,0,43455c0,-54.666666666666664
70,70,1750559054504109,-53,128,3C:6A:D2:84:AD:40,0,33312,2ae0,0,43455c0,-55.0
71,71,1750559054607548,-51,128,3C:6A:D2:84:AD:40,0,33328,2ae0,0,43455c0,-53.333333333333336
72,72,1750559054709938,-55,128,3C:6A:D2:84:AD:40,0,33344,2ae0,0,43455c0,-53.0
73,73,1750559054812387,-55,128,3C:6A:D2:84:AD:40,0,33360,2ae0,0,43455c0,-53.666666666666664
74,74,1750559054914739,-52,128,3C:6A:D2:84:AD:40,0,33376,2ae0,0,43455c0,-54.0
75,75,1750559055017159,-52,128,3C:6A:D2:84:AD:40,0,33392,2ae0,0,43455c0,-53.0
76,76,1750559055118447,-55,128,3C:6A:D2:84:AD:40,0,33408,2ae0,0,43455c0,-53.0
77,77,1750559055222056,-52,128,3C:6A:D2:84:AD:40,0,33424,2ae0,0,43455c0,-53.0
78,78,1750559055324347,-58,128,3C:6A:D2:84:AD:40,0,33440,2ae0,0,43455c0,-55.0
79,79,1750559055426739,-55,128,3C:6A:D2:84:AD:40,0,33456,2ae0,0,43455c0,-55.0
80,80,1750559055529168,-55,128,3C:6A:D2:84:AD:40,0,33472,2ae0,0,43455c0,-56.0
81,81,1750559055631526,-55,128,3C:6A:D2:84:AD:40,0,33488,2ae0,0,43455c0,-55.0
82,82,1750559055736041,-54,128,3C:6A:D2:84:AD:40,0,33504,2ae0,0,43455c0,-54.666666666666664
83,83,1750559055836399,-51,128,3C:6A:D2:84:AD:40,0,33520,2ae0,0,43455c0,-53.333333333333336
84,84,1750559055938775,-51,128,3C:6A:D2:84:AD:40,0,33536,2ae0,0,43455c0,-52.0
85,85,1750559056041182,-56,128,3C:6A:D2:84:AD:40,0,33552,2ae0,0,43455c0,-52.666666666666664
86,86,1750559056143545,-54,128,3C:6A:D2:84:AD:40,0,33568,2ae0,0,43455c0,-53.666666666666664
87,87,1750559056246000,-53,128,3C:6A:D2:84:AD:40,0,33584,2ae0,0,43455c0,-54.333333333333336
88,88,1750559056348418,-54,128,3C:6A:D2:84:AD:40,0,33600,2ae0,0,43455c0,-53.666666666666664
89,89,1750559056450746,-56,128,3C:6A:D2:84:AD:40,0,33616,2ae0,0,43455c0,-54.333333333333336
90,90,1750559056553160,-54,128,3C:6A:D2:84:AD:40,0,33632,2ae0,0,43455c0,-54.666666666666664
91,91,1750559056655547,-53,128,3C:6A:D2:84:AD:40,0,33648,2ae0,0,43455c0,-54.333333333333336
92,92,1750559056757926,-54,128,3C:6A:D2:84:AD:40,0,33664,2ae0,0,43455c0,-53.666666666666664
93,93,1750559056860404,-56,128,3C:6A:D2:84:AD:40,0,33680,2ae0,0,43455c0,-54.333333333333336
94,94,1750559056962219,-55,128,3C:6A:D2:84:AD:40,0,33696,2ae0,0,43455c0,-55.0
95,95,1750559057067266,-56,128,3C:6A:D2:84:AD:40,0,33712,2ae0,0,43455c0,-55.666666666666664
96,96,1750559057167537,-55,128,3C:6A:D2:84:AD:40,0,33728,2ae0,0,43455c0,-55.333333333333336
97,97,1750559057269917,-54,128,3C:6A:D2:84:AD:40,0,33744,2ae0,0,43455c0,-55.0
98,98,1750559057372404,-56,128,3C:6A:D2:84:AD:40,0,33760,2ae0,0,43455c0,-55.0
99,99,1750559057453599,-53,8,3C:6A:D2:84:AD:40,0,55840,2ae0,0,43455c0,-54.333333333333336
100,100,1750559057474728,-53,128,3C:6A:D2:84:AD:40,0,33776,2ae0,0,43455c0,-54.0
101,101,1750559057577162,-53,128,3C:6A:D2:84:AD:40,0,33792,2ae0,0,43455c0,-53.0
102,102,1750559057679542,-54,128,3C:6A:D2:84:AD:40,0,33808,2ae0,0,43455c0,-53.333333333333336
103,103,1750559057782029,-53,128,3C:6A:D2:84:AD:40,0,33824,2ae0,0,43455c0,-53.333333333333336
104,104,1750559057884384,-52,128,3C:6A:D2:84:AD:40,0,33840,2ae0,0,43455c0,-53.0
105,105,1750559057986790,-54,128,3C:6A:D2:84:AD:40,0,33856,2ae0,0,43455c0,-53.0
106,106,1750559058088115,-53,128,3C:6A:D2:84:AD:40,0,33872,2ae0,0,43455c0,-53.0
107,107,1750559058191567,-58,128,3C:6A:D2:84:AD:40,0,33888,2ae0,0,43455c0,-55.0
108,108,1750559058293994,-60,128,3C:6A:D2:84:AD:40,0,33904,2ae0,0,43455c0,-57.0
109,109,1750559058396367,-55,128,3C:6A:D2:84:AD:40,0,33920,2ae0,0,43455c0,-57.666666666666664
110,110,1750559058498755,-64,128,3C:6A:D2:84:AD:40,0,33936,2ae0,0,43455c0,-59.666666666666664
111,111,1750559058601174,-54,128,3C:6A:D2:84:AD:40,0,33952,2ae0,0,43455c0,-57.666666666666664
112,112,1750559058703570,-61,128,3C:6A:D2:84:AD:40,0,33968,2ae0,0,43455c0,-59.666666666666664
113,113,1750559058805950,-54,128,3C:6A:D2:84:AD:40,0,33984,2ae0,0,43455c0,-56.333333333333336
114,114,1750559058908413,-55,128,3C:6A:D2:84:AD:40,0,34000,2ae0,0,43455c0,-56.666666666666664
115,115,1750559059010778,-54,128,3C:6A:D2:84:AD:40,0,34016,2ae0,0,43455c0,-54.333333333333336
116,116,1750559059112145,-55,128,3C:6A:D2:84:AD:40,0,34032,2ae0,0,43455c0,-54.666666666666664
117,117,1750559059173413,-56,8,3C:6A:D2:84:AD:40,0,55856,2ae0,0,43455c0,-55.0
118,118,1750559059215500,-56,128,3C:6A:D2:84:AD:40,0,34048,2ae0,0,43455c0,-55.666666666666664
119,119,1750559059278475,-57,8,3C:6A:D2:84:AD:40,0,55872,2ae0,0,43455c0,-56.333333333333336
120,120,1750559059319223,-58,128,3C:6A:D2:84:AD:40,0,34064,2ae0,0,43455c0,-57.0
121,121,1750559059382564,-54,8,3C:6A:D2:84:AD:40,0,55888,2ae0,0,43455c0,-56.333333333333336
122,122,1750559059420282,-51,128,3C:6A:D2:84:AD:40,0,34080,2ae0,0,43455c0,-54.333333333333336
123,123,1750559059522711,-52,128,3C:6A:D2:84:AD:40,0,34096,2ae0,0,43455c0,-52.333333333333336
124,124,1750559059625168,-50,128,3C:6A:D2:84:AD:40,0,34112,2ae0,0,43455c0,-51.0
125,125,1750559059727549,-51,128,3C:6A:D2:84:AD:40,0,34128,2ae0,0,43455c0,-51.0
126,126,1750559059828937,-52,128,3C:6A:D2:84:AD:40,0,34144,2ae0,0,43455c0,-51.0
127,127,1750559059931632,-53,128,3C:6A:D2:84:AD:40,0,34160,2ae0,0,43455c0,-52.0
128,128,1750559060034850,-52,128,3C:6A:D2:84:AD:40,0,34176,2ae0,0,43455c0,-52.333333333333336
129,129,1750559060136841,-53,128,3C:6A:D2:84:AD:40,0,34192,2ae0,0,43455c0,-52.666666666666664
130,130,1750559060239546,-53,128,3C:6A:D2:84:AD:40,0,34208,2ae0,0,43455c0,-52.666666666666664
131,131,1750559060342158,-54,128,3C:6A:D2:84:AD:40,0,34224,2ae0,0,43455c0,-53.333333333333336
132,132,1750559060444369,-49,128,3C:6A:D2:84:AD:40,0,34240,2ae0,0,43455c0,-52.0
133,133,1750559060546797,-55,128,3C:6A:D2:84:AD:40,0,34256,2ae0,0,43455c0,-52.666666666666664
134,134,1750559060649160,-54,128,3C:6A:D2:84:AD:40,0,34272,2ae0,0,43455c0,-52.666666666666664
135,135,1750559060751562,-53,128,3C:6A:D2:84:AD:40,0,34288,2ae0,0,43455c0,-54.0
136,136,1750559060854027,-54,128,3C:6A:D2:84:AD:40,0,34304,2ae0,0,43455c0,-53.666666666666664
137,137,1750559060955208,-56,128,3C:6A:D2:84:AD:40,0,34320,2ae0,0,43455c0,-54.333333333333336
138,138,1750559061058791,-51,128,3C:6A:D2:84:AD:40,0,34336,2ae0,0,43455c0,-53.666666666666664
139,139,1750559061161167,-53,128,3C:6A:D2:84:AD:40,0,34352,2ae0,0,43455c0,-53.333333333333336
140,140,1750559061263562,-57,128,3C:6A:D2:84:AD:40,0,34368,2ae0,0,43455c0,-53.666666666666664
141,141,1750559061366069,-53,128,3C:6A:D2:84:AD:40,0,34384,2ae0,0,43455c0,-54.333333333333336
142,142,1750559061468375,-54,128,3C:6A:D2:84:AD:40,0,34400,2ae0,0,43455c0,-54.666666666666664
143,143,1750559061569700,-53,128,3C:6A:D2:84:AD:40,0,34416,2ae0,0,43455c0,-53.333333333333336
144,144,1750559061673202,-55,128,3C:6A:D2:84:AD:40,0,34432,2ae0,0,43455c0,-54.0
145,145,1750559061775562,-53,128,3C:6A:D2:84:AD:40,0,34448,2ae0,0,43455c0,-53.666666666666664
146,146,1750559061878028,-54,128,3C:6A:D2:84:AD:40,0,34464,2ae0,0,43455c0,-54.0
147,147,1750559061980412,-53,128,3C:6A:D2:84:AD:40,0,34480,2ae0,0,43455c0,-53.333333333333336
148,148,1750559062082798,-53,128,3C:6A:D2:84:AD:40,0,34496,2ae0,0,43455c0,-53.333333333333336
149,149,1750559062185208,-52,128,3C:6A:D2:84:AD:40,0,34512,2ae0,0,43455c0,-52.666666666666664
150,150,1750559062286443,-53,128,3C:6A:D2:84:AD:40,0,34528,2ae0,0,43455c0,-52.666666666666664
151,151,1750559062389997,-53,128,3C:6A:D2:84:AD:40,0,34544,2ae0,0,43455c0,-52.666666666666664
152,152,1750559062492406,-52,128,3C:6A:D2:84:AD:40,0,34560,2ae0,0,43455c0,-52.666666666666664
153,153,1750559062594761,-52,128,3C:6A:D2:84:AD:40,0,34576,2ae0,0,43455c0,-52.333333333333336
154,154,1750559062697205,-53,128,3C:6A:D2:84:AD:40,0,34592,2ae0,0,43455c0,-52.333333333333336
155,155,1750559062799631,-53,128,3C:6A:D2:84:AD:40,0,34608,2ae0,0,43455c0,-52.666666666666664
156,156,1750559062902058,-54,128,3C:6A:D2:84:AD:40,0,34624,2ae0,0,43455c0,-53.333333333333336
157,157,1750559063004409,-54,128,3C:6A:D2:84:AD:40,0,34640,2ae0,0,43455c0,-53.666666666666664
158,158,1750559063106805,-50,128,3C:6A:D2:84:AD:40,0,34656,2ae0,0,43455c0,-52.666666666666664
159,159,1750559063208951,-51,128,3C:6A:D2:84:AD:40,0,34672,2ae0,0,43455c0,-51.666666666666664
160,160,1750559063310613,-51,128,3C:6A:D2:84:AD:40,0,34688,2ae0,0,43455c0,-50.666666666666664
161,161,1750559063414047,-52,128,3C:6A:D2:84:AD:40,0,34704,2ae0,0,43455c0,-51.333333333333336
162,162,1750559063516429,-55,128,3C:6A:D2:84:AD:40,0,34720,2ae0,0,43455c0,-52.666666666666664
163,163,1750559063618828,-53,128,3C:6A:D2:84:AD:40,0,34736,2ae0,0,43455c0,-53.333333333333336
164,164,1750559063721184,-54,128,3C:6A:D2:84:AD:40,0,34752,2ae0,0,43455c0,-54.0
165,165,1750559063823676,-51,128,3C:6A:D2:84:AD:40,0,34768,2ae0,0,43455c0,-52.666666666666664
166,166,1750559063926048,-55,128,3C:6A:D2:84:AD:40,0,34784,2ae0,0,43455c0,-53.333333333333336
167,167,1750559064028458,-52,128,3C:6A:D2:84:AD:40,0,34800,2ae0,0,43455c0,-52.666666666666664
168,168,1750559064130783,-57,128,3C:6A:D2:84:AD:40,0,34816,2ae0,0,43455c0,-54.666666666666664
169,169,1750559064233271,-54,128,3C:6A:D2:84:AD:40,0,34832,2ae0,0,43455c0,-54.333333333333336
170,170,1750559064334772,-52,128,3C:6A:D2:84:AD:40,0,34848,2ae0,0,43455c0,-54.333333333333336
171,171,1750559064438043,-54,128,3C:6A:D2:84:AD:40,0,34864,2ae0,0,43455c0,-53.333333333333336
172,172,1750559064540429,-49,128,3C:6A:D2:84:AD:40,0,34880,2ae0,0,43455c0,-51.666666666666664
173,173,1750559064642695,-49,128,3C:6A:D2:84:AD:40,0,34896,2ae0,0,43455c0,-50.666666666666664
174,174,1750559064745257,-49,128,3C:6A:D2:84:AD:40,0,34912,2ae0,0,43455c0,-49.0
175,175,1750559064847660,-52,128,3C:6A:D2:84:AD:40,0,34928,2ae0,0,43455c0,-50.0
176,176,1750559064950041,-52,128,3C:6A:D2:84:AD:40,0,34944,2ae0,0,43455c0,-51.0
177,177,1750559065009494,-52,8,3C:6A:D2:84:AD:40,0,55904,2ae0,0,43455c0,-52.0
178,178,1750559065010428,-51,8,3C:6A:D2:84:AD:40,0,55936,2ae0,0,43455c0,-51.666666666666664
179,179,1750559065052443,-53,128,3C:6A:D2:84:AD:40,0,34960,2ae0,0,43455c0,-52.0
180,180,1750559065148504,-50,8,3C:6A:D2:84:AD:40,0,55952,2ae0,0,43455c0,-51.333333333333336
181,181,1750559065153839,-50,128,3C:6A:D2:84:AD:40,0,34976,2ae0,0,43455c0,-51.0
182,182,1750559065181570,-51,8,3C:6A:D2:84:AD:40,0,55968,2ae0,0,43455c0,-50.333333333333336
183,183,1750559065191937,-51,8,3C:6A:D2:84:AD:40,0,55984,2ae0,0,43455c0,-50.666666666666664
184,184,1750559065196724,-52,8,3C:6A:D2:84:AD:40,0,56000,2ae0,0,43455c0,-51.333333333333336
185,185,1750559065203908,-54,8,3C:6A:D2:84:AD:40,0,56016,2ae0,0,43455c0,-52.333333333333336
186,186,1750559065256805,-58,128,3C:6A:D2:84:AD:40,0,34992,2ae0,0,43455c0,-54.666666666666664
187,187,1750559065359634,-53,128,3C:6A:D2:84:AD:40,0,35008,2ae0,0,43455c0,-55.0
188,188,1750559065401507,-58,8,3C:6A:D2:84:AD:40,0,56032,2ae0,0,43455c0,-56.333333333333336
189,189,1750559065461931,-55,128,3C:6A:D2:84:AD:40,0,35024,2ae0,0,43455c0,-55.333333333333336
190,190,1750559065564404,-53,128,3C:6A:D2:84:AD:40,0,35040,2ae0,0,43455c0,-55.333333333333336
191,191,1750559065584270,-55,8,3C:6A:D2:84:AD:40,0,56048,2ae0,0,43455c0,-54.333333333333336
192,192,1750559065651343,-56,8,3C:6A:D2:84:AD:40,0,56064,2ae0,0,43455c0,-54.666666666666664
193,193,1750559065666767,-56,128,3C:6A:D2:84:AD:40,0,35056,2ae0,0,43455c0,-55.666666666666664
194,194,1750559065715196,-53,8,3C:6A:D2:84:AD:40,0,56080,2ae0,0,43455c0,-55.0
195,195,1750559065726689,-53,8,3C:6A:D2:84:AD:40,0,56096,2ae0,0,43455c0,-54.0
196,196,1750559065769227,-57,128,3C:6A:D2:84:AD:40,0,35072,2ae0,0,43455c0,-54.333333333333336
197,197,1750559065783183,-58,8,3C:6A:D2:84:AD:40,0,56112,2ae0,0,43455c0,-56.0
198,198,1750559065829153,-53,8,3C:6A:D2:84:AD:40,0,56128,2ae0,0,43455c0,-56.0
199,199,1750559065871564,-53,128,3C:6A:D2:84:AD:40,0,35088,2ae0,0,43455c0,-54.666666666666664
200,200,1750559065904444,-52,8,3C:6A:D2:84:AD:40,0,56144,2ae0,0,43455c0,-52.666666666666664
201,201,1750559065909063,-52,8,3C:6A:D2:84:AD:40,0,56160,2ae0,0,43455c0,-52.333333333333336
202,202,1750559065911784,-53,8,3C:6A:D2:84:AD:40,0,56192,2ae0,0,43455c0,-52.333333333333336
203,203,1750559065960230,-54,8,3C:6A:D2:84:AD:40,0,56208,2ae0,0,43455c0,-53.0
204,204,1750559065973974,-55,128,3C:6A:D2:84:AD:40,0,35104,2ae0,0,43455c0,-54.0
205,205,1750559066076507,-52,128,3C:6A:D2:84:AD:40,0,35120,2ae0,0,43455c0,-53.666666666666664
206,206,1750559066098814,-51,8,3C:6A:D2:84:AD:40,0,56224,2ae0,0,43455c0,-52.666666666666664
207,207,1750559066178430,-55,128,3C:6A:D2:84:AD:40,0,35136,2ae0,0,43455c0,-52.666666666666664
208,208,1750559066205576,-54,8,3C:6A:D2:84:AD:40,0,56240,2ae0,0,43455c0,-53.333333333333336
209,209,1750559066278565,-51,8,3C:6A:D2:84:AD:40,0,56256,2ae0,0,43455c0,-53.333333333333336
210,210,1750559066281220,-51,128,3C:6A:D2:84:AD:40,0,35152,2ae0,0,43455c0,-52.0
211,211,1750559066383627,-54,128,3C:6A:D2:84:AD:40,0,35168,2ae0,0,43455c0,-52.0
212,212,1750559066486038,-51,128,3C:6A:D2:84:AD:40,0,35184,2ae0,0,43455c0,-52.0
213,213,1750559066521338,-53,8,3C:6A:D2:84:AD:40,0,56272,2ae0,0,43455c0,-52.666666666666664
214,214,1750559066587560,-52,128,3C:6A:D2:84:AD:40,0,35200,2ae0,0,43455c0,-52.0
215,215,1750559066690805,-54,128,3C:6A:D2:84:AD:40,0,35216,2ae0,0,43455c0,-53.0
216,216,1750559066793236,-55,128,3C:6A:D2:84:AD:40,0,35232,2ae0,0,43455c0,-53.666666666666664
217,217,1750559066830076,-58,8,3C:6A:D2:84:AD:40,0,56288,2ae0,0,43455c0,-55.666666666666664
218,218,1750559066895595,-58,128,3C:6A:D2:84:AD:40,0,35248,2ae0,0,43455c0,-57.0
219,219,1750559066903496,-59,8,3C:6A:D2:84:AD:40,0,56304,2ae0,0,43455c0,-58.333333333333336
220,220,1750559066997709,-54,128,3C:6A:D2:84:AD:40,0,35264,2ae0,0,43455c0,-57.0
221,221,1750559067099043,-58,8,3C:6A:D2:84:AD:40,0,56320,2ae0,0,43455c0,-57.0
222,222,1750559067099664,-58,128,3C:6A:D2:84:AD:40,0,35280,2ae0,0,43455c0,-56.666666666666664
223,223,1750559067201827,-54,128,3C:6A:D2:84:AD:40,0,35296,2ae0,0,43455c0,-56.666666666666664
224,224,1750559067304751,-54,128,3C:6A:D2:84:AD:40,0,35312,2ae0,0,43455c0,-55.333333333333336
225,225,1750559067407981,-53,128,3C:6A:D2:84:AD:40,0,35328,2ae0,0,43455c0,-53.666666666666664
226,226,1750559067510108,-55,128,3C:6A:D2:84:AD:40,0,35344,2ae0,0,43455c0,-54.0
227,227,1750559067612480,-54,128,3C:6A:D2:84:AD:40,0,35360,2ae0,0,43455c0,-54.0
228,228,1750559067714334,-52,128,3C:6A:D2:84:AD:40,0,35376,2ae0,0,43455c0,-53.666666666666664
229,229,1750559067817295,-51,128,3C:6A:D2:84:AD:40,0,35392,2ae0,0,43455c0,-52.333333333333336
230,230,1750559067832989,-51,8,3C:6A:D2:84:AD:40,0,56352,2ae0,0,43455c0,-51.333333333333336
231,231,1750559067918620,-51,128,3C:6A:D2:84:AD:40,0,35408,2ae0,0,43455c0,-51.0
232,232,1750559068022153,-52,128,3C:6A:D2:84:AD:40,0,35424,2ae0,0,43455c0,-51.333333333333336
233,233,1750559068124444,-52,128,3C:6A:D2:84:AD:40,0,35440,2ae0,0,43455c0,-51.666666666666664
234,234,1750559068225774,-55,128,3C:6A:D2:84:AD:40,0,35456,2ae0,0,43455c0,-53.0
235,235,1750559068431646,-55,128,3C:6A:D2:84:AD:40,0,35488,2ae0,0,43455c0,-54.0
236,236,1750559068534084,-51,128,3C:6A:D2:84:AD:40,0,35504,2ae0,0,43455c0,-53.666666666666664
237,237,1750559068636479,-54,128,3C:6A:D2:84:AD:40,0,35520,2ae0,0,43455c0,-53.333333333333336
238,238,1750559068650841,-54,8,3C:6A:D2:84:AD:40,0,56368,2ae0,0,43455c0,-53.0
239,239,1750559068652589,-54,8,3C:6A:D2:84:AD:40,0,56400,2ae0,0,43455c0,-54.0
240,240,1750559068653168,-54,8,3C:6A:D2:84:AD:40,0,56416,2ae0,0,43455c0,-54.0
241,241,1750559068653983,-54,8,3C:6A:D2:84:AD:40,0,56448,2ae0,0,43455c0,-54.0
242,242,1750559068654549,-54,8,3C:6A:D2:84:AD:40,0,56480,2ae0,0,43455c0,-54.0
243,243,1750559068655046,-54,8,3C:6A:D2:84:AD:40,0,56512,2ae0,0,43455c0,-54.0
244,244,1750559068655582,-54,8,3C:6A:D2:84:AD:40,0,56544,2ae0,0,43455c0,-54.0
245,245,1750559068656026,-54,8,3C:6A:D2:84:AD:40,0,56576,2ae0,0,43455c0,-54.0
246,246,1750559068656534,-54,8,3C:6A:D2:84:AD:40,0,56608,2ae0,0,43455c0,-54.0
247,247,1750559068738879,-54,128,3C:6A:D2:84:AD:40,0,35536,2ae0,0,43455c0,-54.0
248,248,1750559068791530,-52,8,3C:6A:D2:84:AD:40,0,56640,2ae0,0,43455c0,-53.333333333333336
249,249,1750559068841241,-51,128,3C:6A:D2:84:AD:40,0,35552,2ae0,0,43455c0,-52.333333333333336
250,250,1750559068905434,-53,8,3C:6A:D2:84:AD:40,0,56656,2ae0,0,43455c0,-52.0
251,251,1750559068928093,-55,8,3C:6A:D2:84:AD:40,0,56672,2ae0,0,43455c0,-53.0
252,252,1750559068943649,-55,128,3C:6A:D2:84:AD:40,0,35568,2ae0,0,43455c0,-54.333333333333336
253,253,1750559069045052,-55,128,3C:6A:D2:84:AD:40,0,35584,2ae0,0,43455c0,-55.0
254,254,1750559069148488,-56,128,3C:6A:D2:84:AD:40,0,35600,2ae0,0,43455c0,-55.333333333333336
255,255,1750559069178816,-57,8,3C:6A:D2:84:AD:40,0,56688,2ae0,0,43455c0,-56.0
256,256,1750559069250992,-57,128,3C:6A:D2:84:AD:40,0,35616,2ae0,0,43455c0,-56.666666666666664
257,257,1750559069279878,-54,8,3C:6A:D2:84:AD:40,0,56704,2ae0,0,43455c0,-56.0
258,258,1750559069353761,-52,128,3C:6A:D2:84:AD:40,0,35632,2ae0,0,43455c0,-54.333333333333336
259,259,1750559069385099,-51,8,3C:6A:D2:84:AD:40,0,56720,2ae0,0,43455c0,-52.333333333333336
260,260,1750559069455640,-51,128,3C:6A:D2:84:AD:40,0,35648,2ae0,0,43455c0,-51.333333333333336
261,261,1750559069505019,-51,8,3C:6A:D2:84:AD:40,0,56736,2ae0,0,43455c0,-51.0
262,262,1750559069558033,-52,128,3C:6A:D2:84:AD:40,0,35664,2ae0,0,43455c0,-51.333333333333336
263,263,1750559069660492,-52,128,3C:6A:D2:84:AD:40,0,35680,2ae0,0,43455c0,-51.666666666666664
264,264,1750559069762783,-49,128,3C:6A:D2:84:AD:40,0,35696,2ae0,0,43455c0,-51.0
265,265,1750559069865309,-51,128,3C:6A:D2:84:AD:40,0,35712,2ae0,0,43455c0,-50.666666666666664
266,266,1750559069932410,-49,8,3C:6A:D2:84:AD:40,0,56752,2ae0,0,43455c0,-49.666666666666664
267,267,1750559069967745,-51,128,3C:6A:D2:84:AD:40,0,35728,2ae0,0,43455c0,-50.333333333333336
268,268,1750559070070042,-52,128,3C:6A:D2:84:AD:40,0,35744,2ae0,0,43455c0,-50.666666666666664
269,269,1750559070172507,-50,128,3C:6A:D2:84:AD:40,0,35760,2ae0,0,43455c0,-51.0
270,270,1750559070274865,-49,128,3C:6A:D2:84:AD:40,0,35776,2ae0,0,43455c0,-50.333333333333336
271,271,1750559070377319,-51,128,3C:6A:D2:84:AD:40,0,35792,2ae0,0,43455c0,-50.0
272,272,1750559070479654,-51,128,3C:6A:D2:84:AD:40,0,35808,2ae0,0,43455c0,-50.333333333333336
273,273,1750559070584196,-52,128,3C:6A:D2:84:AD:40,0,35824,2ae0,0,43455c0,-51.333333333333336
274,274,1750559070684480,-51,128,3C:6A:D2:84:AD:40,0,35840,2ae0,0,43455c0,-51.333333333333336
275,275,1750559070716624,-52,8,3C:6A:D2:84:AD:40,0,56768,2ae0,0,43455c0,-51.666666666666664
276,276,1750559070785822,-55,128,3C:6A:D2:84:AD:40,0,35856,2ae0,0,43455c0,-52.666666666666664
277,277,1750559070889359,-51,128,3C:6A:D2:84:AD:40,0,35872,2ae0,0,43455c0,-52.666666666666664
278,278,1750559070991791,-50,128,3C:6A:D2:84:AD:40,0,35888,2ae0,0,43455c0,-52.0
279,279,1750559071094331,-51,128,3C:6A:D2:84:AD:40,0,35904,2ae0,0,43455c0,-50.666666666666664
280,280,1750559071196472,-51,128,3C:6A:D2:84:AD:40,0,35920,2ae0,0,43455c0,-50.666666666666664
281,281,1750559071298904,-51,128,3C:6A:D2:84:AD:40,0,35936,2ae0,0,43455c0,-51.0
282,282,1750559071401476,-50,128,3C:6A:D2:84:AD:40,0,35952,2ae0,0,43455c0,-50.666666666666664
283,283,1750559071503658,-50,128,3C:6A:D2:84:AD:40,0,35968,2ae0,0,43455c0,-50.333333333333336
284,284,1750559071582033,-51,8,3C:6A:D2:84:AD:40,0,56784,2ae0,0,43455c0,-50.333333333333336
285,285,1750559071606038,-52,128,3C:6A:D2:84:AD:40,0,35984,2ae0,0,43455c0,-51.0
286,286,1750559071707766,-53,128,3C:6A:D2:84:AD:40,0,36000,2ae0,0,43455c0,-52.0
287,287,1750559071716815,-52,8,3C:6A:D2:84:AD:40,0,56800,2ae0,0,43455c0,-52.333333333333336
288,288,1750559071810984,-54,128,3C:6A:D2:84:AD:40,0,36016,2ae0,0,43455c0,-53.0
289,289,1750559071912691,-51,128,3C:6A:D2:84:AD:40,0,36032,2ae0,0,43455c0,-52.333333333333336
290,290,1750559072016398,-50,128,3C:6A:D2:84:AD:40,0,36048,2ae0,0,43455c0,-51.666666666666664
291,291,1750559072117530,-52,128,3C:6A:D2:84:AD:40,0,36064,2ae0,0,43455c0,-51.0
292,292,1750559072220503,-51,128,3C:6A:D2:84:AD:40,0,36080,2ae0,0,43455c0,-51.0
293,293,1750559072322693,-51,128,3C:6A:D2:84:AD:40,0,36096,2ae0,0,43455c0,-51.333333333333336
294,294,1750559072425333,-49,128,3C:6A:D2:84:AD:40,0,36112,2ae0,0,43455c0,-50.333333333333336
295,295,1750559072529819,-54,128,3C:6A:D2:84:AD:40,0,36128,2ae0,0,43455c0,-51.333333333333336
296,296,1750559072583487,-52,8,3C:6A:D2:84:AD:40,0,56816,2ae0,0,43455c0,-51.666666666666664
297,297,1750559072630051,-55,128,3C:6A:D2:84:AD:40,0,36144,2ae0,0,43455c0,-53.666666666666664
298,298,1750559072732496,-55,128,3C:6A:D2:84:AD:40,0,36160,2ae0,0,43455c0,-54.0
299,299,1750559072834899,-52,128,3C:6A:D2:84:AD:40,0,36176,2ae0,0,43455c0,-54.0
300,300,1750559072937334,-55,128,3C:6A:D2:84:AD:40,0,36192,2ae0,0,43455c0,-54.0
301,301,1750559072942042,-55,8,3C:6A:D2:84:AD:40,0,56832,2ae0,0,43455c0,-54.0
302,302,1750559073039685,-51,128,3C:6A:D2:84:AD:40,0,36208,2ae0,0,43455c0,-53.666666666666664
303,303,1750559073142159,-51,128,3C:6A:D2:84:AD:40,0,36224,2ae0,0,43455c0,-52.333333333333336
304,304,1750559073244510,-51,128,3C:6A:D2:84:AD:40,0,36240,2ae0,0,43455c0,-51.0
305,305,1750559073346924,-53,128,3C:6A:D2:84:AD:40,0,36256,2ae0,0,43455c0,-51.666666666666664
306,306,1750559073449318,-52,128,3C:6A:D2:84:AD:40,0,36272,2ae0,0,43455c0,-52.0
307,307,1750559073551730,-50,128,3C:6A:D2:84:AD:40,0,36288,2ae0,0,43455c0,-51.666666666666664
308,308,1750559073654122,-51,128,3C:6A:D2:84:AD:40,0,36304,2ae0,0,43455c0,-51.0
309,309,1750559073756494,-52,128,3C:6A:D2:84:AD:40,0,36320,2ae0,0,43455c0,-51.0
310,310,1750559073858885,-52,128,3C:6A:D2:84:AD:40,0,36336,2ae0,0,43455c0,-51.666666666666664
311,311,1750559073961359,-51,128,3C:6A:D2:84:AD:40,0,36352,2ae0,0,43455c0,-51.666666666666664
312,312,1750559074063182,-51,128,3C:6A:D2:84:AD:40,0,36368,2ae0,0,43455c0,-51.333333333333336
313,313,1750559074166091,-53,128,3C:6A:D2:84:AD:40,0,36384,2ae0,0,43455c0,-51.666666666666664
314,314,1750559074267422,-51,128,3C:6A:D2:84:AD:40,0,36400,2ae0,0,43455c0,-51.666666666666664
315,315,1750559074371663,-50,128,3C:6A:D2:84:AD:40,0,36416,2ae0,0,43455c0,-51.333333333333336
316,316,1750559074473306,-52,128,3C:6A:D2:84:AD:40,0,36432,2ae0,0,43455c0,-51.0
317,317,1750559074575662,-53,128,3C:6A:D2:84:AD:40,0,36448,2ae0,0,43455c0,-51.666666666666664
318,318,1750559074678103,-55,128,3C:6A:D2:84:AD:40,0,36464,2ae0,0,43455c0,-53.333333333333336
319,319,1750559074726473,-53,8,3C:6A:D2:84:AD:40,0,56848,2ae0,0,43455c0,-53.666666666666664
320,320,1750559074780524,-52,128,3C:6A:D2:84:AD:40,0,36480,2ae0,0,43455c0,-53.333333333333336
321,321,1750559074882944,-55,128,3C:6A:D2:84:AD:40,0,36496,2ae0,0,43455c0,-53.333333333333336
322,322,1750559074985354,-52,128,3C:6A:D2:84:AD:40,0,36512,2ae0,0,43455c0,-53.0
323,323,1750559075088523,-53,128,3C:6A:D2:84:AD:40,0,36528,2ae0,0,43455c0,-53.333333333333336
324,324,1750559075190160,-53,128,3C:6A:D2:84:AD:40,0,36544,2ae0,0,43455c0,-52.666666666666664
325,325,1750559075292493,-51,128,3C:6A:D2:84:AD:40,0,36560,2ae0,0,43455c0,-52.333333333333336
326,326,1750559075394957,-52,128,3C:6A:D2:84:AD:40,0,36576,2ae0,0,43455c0,-52.0
327,327,1750559075497324,-53,128,3C:6A:D2:84:AD:40,0,36592,2ae0,0,43455c0,-52.0
328,328,1750559075585234,-50,8,3C:6A:D2:84:AD:40,0,56864,2ae0,0,43455c0,-51.666666666666664
329,329,1750559075587455,-50,8,3C:6A:D2:84:AD:40,0,56880,2ae0,0,43455c0,-51.0
330,330,1750559075588085,-51,8,3C:6A:D2:84:AD:40,0,56896,2ae0,0,43455c0,-50.333333333333336
331,331,1750559075588619,-50,8,3C:6A:D2:84:AD:40,0,56912,2ae0,0,43455c0,-50.333333333333336
332,332,1750559075589836,-51,8,3C:6A:D2:84:AD:40,0,56928,2ae0,0,43455c0,-50.666666666666664
333,333,1750559075590731,-51,8,3C:6A:D2:84:AD:40,0,56960,2ae0,0,43455c0,-50.666666666666664
334,334,1750559075599694,-51,128,3C:6A:D2:84:AD:40,0,36608,2ae0,0,43455c0,-51.0
335,335,1750559075700900,-51,128,3C:6A:D2:84:AD:40,0,36624,2ae0,0,43455c0,-51.0
336,336,1750559075804510,-52,128,3C:6A:D2:84:AD:40,0,36640,2ae0,0,43455c0,-51.333333333333336
337,337,1750559075906927,-53,128,3C:6A:D2:84:AD:40,0,36656,2ae0,0,43455c0,-52.0
338,338,1750559076009332,-52,128,3C:6A:D2:84:AD:40,0,36672,2ae0,0,43455c0,-52.333333333333336
339,339,1750559076111762,-54,128,3C:6A:D2:84:AD:40,0,36688,2ae0,0,43455c0,-53.0
340,340,1750559076214147,-61,128,3C:6A:D2:84:AD:40,0,36704,2ae0,0,43455c0,-55.666666666666664
341,341,1750559076316509,-51,128,3C:6A:D2:84:AD:40,0,36720,2ae0,0,43455c0,-55.333333333333336
342,342,1750559076418925,-52,128,3C:6A:D2:84:AD:40,0,36736,2ae0,0,43455c0,-54.666666666666664
343,343,1750559076521392,-54,128,3C:6A:D2:84:AD:40,0,36752,2ae0,0,43455c0,-52.333333333333336
344,344,1750559076622787,-52,128,3C:6A:D2:84:AD:40,0,36768,2ae0,0,43455c0,-52.666666666666664
345,345,1750559076725419,-52,128,3C:6A:D2:84:AD:40,0,36784,2ae0,0,43455c0,-52.666666666666664
346,346,1750559076828537,-55,128,3C:6A:D2:84:AD:40,0,36800,2ae0,0,43455c0,-53.0
347,347,1750559076930932,-49,128,3C:6A:D2:84:AD:40,0,36816,2ae0,0,43455c0,-52.0
348,348,1750559077033399,-50,128,3C:6A:D2:84:AD:40,0,36832,2ae0,0,43455c0,-51.333333333333336
349,349,1750559077135762,-56,128,3C:6A:D2:84:AD:40,0,36848,2ae0,0,43455c0,-51.666666666666664
350,350,1750559077238189,-49,128,3C:6A:D2:84:AD:40,0,36864,2ae0,0,43455c0,-51.666666666666664
351,351,1750559077340684,-49,128,3C:6A:D2:84:AD:40,0,36880,2ae0,0,43455c0,-51.333333333333336
352,352,1750559077442929,-50,128,3C:6A:D2:84:AD:40,0,36896,2ae0,0,43455c0,-49.333333333333336
353,353,1750559077545378,-54,128,3C:6A:D2:84:AD:40,0,36912,2ae0,0,43455c0,-51.0
354,354,1750559077647747,-55,128,3C:6A:D2:84:AD:40,0,36928,2ae0,0,43455c0,-53.0
355,355,1750559077750184,-50,128,3C:6A:D2:84:AD:40,0,36944,2ae0,0,43455c0,-53.0
356,356,1750559077851638,-49,128,3C:6A:D2:84:AD:40,0,36960,2ae0,0,43455c0,-51.333333333333336
357,357,1750559077954930,-53,128,3C:6A:D2:84:AD:40,0,36976,2ae0,0,43455c0,-50.666666666666664
358,358,1750559078057390,-54,128,3C:6A:D2:84:AD:40,0,36992,2ae0,0,43455c0,-52.0
359,359,1750559078159805,-52,128,3C:6A:D2:84:AD:40,0,37008,2ae0,0,43455c0,-53.0
360,360,1750559078262191,-54,128,3C:6A:D2:84:AD:40,0,37024,2ae0,0,43455c0,-53.333333333333336
361,361,1750559078363614,-50,128,3C:6A:D2:84:AD:40,0,37040,2ae0,0,43455c0,-52.0
362,362,1750559078466969,-54,128,3C:6A:D2:84:AD:40,0,37056,2ae0,0,43455c0,-52.666666666666664
363,363,1750559078569373,-51,128,3C:6A:D2:84:AD:40,0,37072,2ae0,0,43455c0,-51.666666666666664
364,364,1750559078671778,-53,128,3C:6A:D2:84:AD:40,0,37088,2ae0,0,43455c0,-52.666666666666664
365,365,1750559078774198,-49,128,3C:6A:D2:84:AD:40,0,37104,2ae0,0,43455c0,-51.0
366,366,1750559078876535,-50,128,3C:6A:D2:84:AD:40,0,37120,2ae0,0,43455c0,-50.666666666666664
367,367,1750559078977923,-50,128,3C:6A:D2:84:AD:40,0,37136,2ae0,0,43455c0,-49.666666666666664
368,368,1750559079081406,-53,128,3C:6A:D2:84:AD:40,0,37152,2ae0,0,43455c0,-51.0
369,369,1750559079184251,-55,128,3C:6A:D2:84:AD:40,0,37168,2ae0,0,43455c0,-52.666666666666664
370,370,1750559079285750,-53,128,3C:6A:D2:84:AD:40,0,37184,2ae0,0,43455c0,-53.666666666666664
371,371,1750559079287378,-52,8,3C:6A:D2:84:AD:40,0,56992,2ae0,0,43455c0,-53.333333333333336
372,372,1750559079388433,-49,128,3C:6A:D2:84:AD:40,0,37200,2ae0,0,43455c0,-51.333333333333336
373,373,1750559079391373,-50,8,3C:6A:D2:84:AD:40,0,57008,2ae0,0,43455c0,-50.333333333333336
374,374,1750559079490263,-51,128,3C:6A:D2:84:AD:40,0,37216,2ae0,0,43455c0,-50.0
375,375,1750559079593135,-49,128,3C:6A:D2:84:AD:40,0,37232,2ae0,0,43455c0,-50.0
376,376,1750559079695512,-57,128,3C:6A:D2:84:AD:40,0,37248,2ae0,0,43455c0,-52.333333333333336
377,377,1750559079797923,-48,128,3C:6A:D2:84:AD:40,0,37264,2ae0,0,43455c0,-51.333333333333336
378,378,1750559079899521,-48,128,3C:6A:D2:84:AD:40,0,37280,2ae0,0,43455c0,-51.0
379,379,1750559080002722,-49,128,3C:6A:D2:84:AD:40,0,37296,2ae0,0,43455c0,-48.333333333333336
380,380,1750559080105383,-50,128,3C:6A:D2:84:AD:40,0,37312,2ae0,0,43455c0,-49.0
381,381,1750559080207888,-57,128,3C:6A:D2:84:AD:40,0,37328,2ae0,0,43455c0,-52.0
382,382,1750559080310219,-54,128,3C:6A:D2:84:AD:40,0,37344,2ae0,0,43455c0,-53.666666666666664
383,383,1750559080412550,-53,128,3C:6A:D2:84:AD:40,0,37360,2ae0,0,43455c0,-54.666666666666664
384,384,1750559080514915,-52,128,3C:6A:D2:84:AD:40,0,37376,2ae0,0,43455c0,-53.0
385,385,1750559080617359,-52,128,3C:6A:D2:84:AD:40,0,37392,2ae0,0,43455c0,-52.333333333333336
386,386,1750559080718826,-54,128,3C:6A:D2:84:AD:40,0,37408,2ae0,0,43455c0,-52.666666666666664
387,387,1750559080822232,-53,128,3C:6A:D2:84:AD:40,0,37424,2ae0,0,43455c0,-53.0
388,388,1750559080924584,-53,128,3C:6A:D2:84:AD:40,0,37440,2ae0,0,43455c0,-53.333333333333336
389,389,1750559081026990,-53,128,3C:6A:D2:84:AD:40,0,37456,2ae0,0,43455c0,-53.0
390,390,1750559081129405,-54,128,3C:6A:D2:84:AD:40,0,37472,2ae0,0,43455c0,-53.333333333333336
391,391,1750559081233624,-59,128,3C:6A:D2:84:AD:40,0,37488,2ae0,0,43455c0,-55.333333333333336
392,392,1750559081333541,-57,128,3C:6A:D2:84:AD:40,0,37504,2ae0,0,43455c0,-56.666666666666664
393,393,1750559081437256,-52,128,3C:6A:D2:84:AD:40,0,37520,2ae0,0,43455c0,-56.0
394,394,1750559081538951,-53,128,3C:6A:D2:84:AD:40,0,37536,2ae0,0,43455c0,-54.0
395,395,1750559081640980,-53,128,3C:6A:D2:84:AD:40,0,37552,2ae0,0,43455c0,-52.666666666666664
396,396,1750559081743805,-53,128,3C:6A:D2:84:AD:40,0,37568,2ae0,0,43455c0,-53.0
397,397,1750559081846168,-54,128,3C:6A:D2:84:AD:40,0,37584,2ae0,0,43455c0,-53.333333333333336
398,398,1750559081948563,-55,128,3C:6A:D2:84:AD:40,0,37600,2ae0,0,43455c0,-54.0
399,399,1750559082050944,-50,128,3C:6A:D2:84:AD:40,0,37616,2ae0,0,43455c0,-53.0
400,400,1750559082153405,-51,128,3C:6A:D2:84:AD:40,0,37632,2ae0,0,43455c0,-52.0
401,401,1750559082255746,-50,128,3C:6A:D2:84:AD:40,0,37648,2ae0,0,43455c0,-50.333333333333336
402,402,1750559082358185,-54,128,3C:6A:D2:84:AD:40,0,37664,2ae0,0,43455c0,-51.666666666666664
403,403,1750559082456581,-51,8,3C:6A:D2:84:AD:40,0,57024,2ae0,0,43455c0,-51.666666666666664
404,404,1750559082459551,-51,128,3C:6A:D2:84:AD:40,0,37680,2ae0,0,43455c0,-52.0
405,405,1750559082562910,-52,128,3C:6A:D2:84:AD:40,0,37696,2ae0,0,43455c0,-51.333333333333336
406,406,1750559082660897,-52,8,3C:6A:D2:84:AD:40,0,57040,2ae0,0,43455c0,-51.666666666666664
407,407,1750559082661452,-52,8,3C:6A:D2:84:AD:40,0,57056,2ae0,0,43455c0,-52.0
408,408,1750559082665368,-52,128,3C:6A:D2:84:AD:40,0,37712,2ae0,0,43455c0,-52.0
409,409,1750559082712470,-54,8,3C:6A:D2:84:AD:40,0,57072,2ae0,0,43455c0,-52.666666666666664
410,410,1750559082761479,-53,8,3C:6A:D2:84:AD:40,0,57088,2ae0,0,43455c0,-53.0
411,411,1750559082767765,-55,128,3C:6A:D2:84:AD:40,0,37728,2ae0,0,43455c0,-54.0
412,412,1750559082812463,-54,8,3C:6A:D2:84:AD:40,0,57104,2ae0,0,43455c0,-54.0
413,413,1750559082861618,-52,8,3C:6A:D2:84:AD:40,0,57120,2ae0,0,43455c0,-53.666666666666664
414,414,1750559082870520,-52,128,3C:6A:D2:84:AD:40,0,37744,2ae0,0,43455c0,-52.666666666666664
415,415,1750559082912423,-53,8,3C:6A:D2:84:AD:40,0,57136,2ae0,0,43455c0,-52.333333333333336
416,416,1750559082963359,-52,8,3C:6A:D2:84:AD:40,0,57152,2ae0,0,43455c0,-52.333333333333336
417,417,1750559082971320,-53,128,3C:6A:D2:84:AD:40,0,37760,2ae0,0,43455c0,-52.666666666666664
418,418,1750559083011590,-53,8,3C:6A:D2:84:AD:40,0,57168,2ae0,0,43455c0,-52.666666666666664
419,419,1750559083061437,-52,8,3C:6A:D2:84:AD:40,0,57184,2ae0,0,43455c0,-52.666666666666664
420,420,1750559083074860,-52,128,3C:6A:D2:84:AD:40,0,37776,2ae0,0,43455c0,-52.333333333333336
421,421,1750559083112150,-51,8,3C:6A:D2:84:AD:40,0,57200,2ae0,0,43455c0,-51.666666666666664
422,422,1750559083162563,-52,8,3C:6A:D2:84:AD:40,0,57216,2ae0,0,43455c0,-51.666666666666664
423,423,1750559083177358,-52,128,3C:6A:D2:84:AD:40,0,37792,2ae0,0,43455c0,-51.666666666666664
424,424,1750559083279768,-52,128,3C:6A:D2:84:AD:40,0,37808,2ae0,0,43455c0,-52.0
425,425,1750559083382180,-52,128,3C:6A:D2:84:AD:40,0,37824,2ae0,0,43455c0,-52.0
426,426,1750559083484546,-53,128,3C:6A:D2:84:AD:40,0,37840,2ae0,0,43455c0,-52.333333333333336
427,427,1750559083586285,-53,128,3C:6A:D2:84:AD:40,0,37856,2ae0,0,43455c0,-52.666666666666664
428,428,1750559083689354,-51,128,3C:6A:D2:84:AD:40,0,37872,2ae0,0,43455c0,-52.333333333333336
429,429,1750559083746160,-54,8,3C:6A:D2:84:AD:40,0,57232,2ae0,0,43455c0,-52.666666666666664
430,430,1750559083791759,-54,128,3C:6A:D2:84:AD:40,0,37888,2ae0,0,43455c0,-53.0
431,431,1750559083894171,-51,128,3C:6A:D2:84:AD:40,0,37904,2ae0,0,43455c0,-53.0
432,432,1750559083995572,-52,128,3C:6A:D2:84:AD:40,0,37920,2ae0,0,43455c0,-52.333333333333336
433,433,1750559084098698,-53,128,3C:6A:D2:84:AD:40,0,37936,2ae0,0,43455c0,-52.0
434,434,1750559084201552,-52,128,3C:6A:D2:84:AD:40,0,37952,2ae0,0,43455c0,-52.333333333333336
435,435,1750559084303902,-50,128,3C:6A:D2:84:AD:40,0,37968,2ae0,0,43455c0,-51.666666666666664
436,436,1750559084406050,-53,128,3C:6A:D2:84:AD:40,0,37984,2ae0,0,43455c0,-51.666666666666664
437,437,1750559084508568,-53,128,3C:6A:D2:84:AD:40,0,38000,2ae0,0,43455c0,-52.0
438,438,1750559084610982,-53,128,3C:6A:D2:84:AD:40,0,38016,2ae0,0,43455c0,-53.0
439,439,1750559084713381,-52,128,3C:6A:D2:84:AD:40,0,38032,2ae0,0,43455c0,-52.666666666666664
440,440,1750559084815784,-52,128,3C:6A:D2:84:AD:40,0,38048,2ae0,0,43455c0,-52.333333333333336
441,441,1750559084918189,-56,128,3C:6A:D2:84:AD:40,0,38064,2ae0,0,43455c0,-53.333333333333336
442,442,1750559085019611,-52,128,3C:6A:D2:84:AD:40,0,38080,2ae0,0,43455c0,-53.333333333333336
443,443,1750559085123038,-53,128,3C:6A:D2:84:AD:40,0,38096,2ae0,0,43455c0,-53.666666666666664
444,444,1750559085225434,-53,128,3C:6A:D2:84:AD:40,0,38112,2ae0,0,43455c0,-52.666666666666664
445,445,1750559085326861,-52,128,3C:6A:D2:84:AD:40,0,38128,2ae0,0,43455c0,-52.666666666666664
446,446,1750559085430195,-53,128,3C:6A:D2:84:AD:40,0,38144,2ae0,0,43455c0,-52.666666666666664
447,447,1750559085532626,-55,128,3C:6A:D2:84:AD:40,0,38160,2ae0,0,43455c0,-53.333333333333336
448,448,1750559085635038,-53,128,3C:6A:D2:84:AD:40,0,38176,2ae0,0,43455c0,-53.666666666666664
449,449,1750559085737439,-54,128,3C:6A:D2:84:AD:40,0,38192,2ae0,0,43455c0,-54.0
450,450,1750559085839863,-52,128,3C:6A:D2:84:AD:40,0,38208,2ae0,0,43455c0,-53.0
451,451,1750559085941108,-52,128,3C:6A:D2:84:AD:40,0,38224,2ae0,0,43455c0,-52.666666666666664
452,452,1750559086044593,-52,128,3C:6A:D2:84:AD:40,0,38240,2ae0,0,43455c0,-52.0
453,453,1750559086146974,-51,128,3C:6A:D2:84:AD:40,0,38256,2ae0,0,43455c0,-51.666666666666664
454,454,1750559086249441,-52,128,3C:6A:D2:84:AD:40,0,38272,2ae0,0,43455c0,-51.666666666666664
455,455,1750559086351866,-53,128,3C:6A:D2:84:AD:40,0,38288,2ae0,0,43455c0,-52.0
456,456,1750559086454217,-52,128,3C:6A:D2:84:AD:40,0,38304,2ae0,0,43455c0,-52.333333333333336
457,457,1750559086556658,-51,128,3C:6A:D2:84:AD:40,0,38320,2ae0,0,43455c0,-52.0
458,458,1750559086658544,-53,128,3C:6A:D2:84:AD:40,0,38336,2ae0,0,43455c0,-52.0
459,459,1750559086761422,-54,128,3C:6A:D2:84:AD:40,0,38352,2ae0,0,43455c0,-52.666666666666664
460,460,1750559086863852,-54,128,3C:6A:D2:84:AD:40,0,38368,2ae0,0,43455c0,-53.666666666666664
461,461,1750559086966307,-54,128,3C:6A:D2:84:AD:40,0,38384,2ae0,0,43455c0,-54.0
462,462,1750559087067641,-55,128,3C:6A:D2:84:AD:40,0,38400,2ae0,0,43455c0,-54.333333333333336
463,463,1750559087171047,-56,128,3C:6A:D2:84:AD:40,0,38416,2ae0,0,43455c0,-55.0
464,464,1750559087273501,-54,128,3C:6A:D2:84:AD:40,0,38432,2ae0,0,43455c0,-55.0
465,465,1750559087362805,-53,8,3C:6A:D2:84:AD:40,0,57248,2ae0,0,43455c0,-54.333333333333336
466,466,1750559087375812,-52,128,3C:6A:D2:84:AD:40,0,38448,2ae0,0,43455c0,-53.0
467,467,1750559087478205,-50,128,3C:6A:D2:84:AD:40,0,38464,2ae0,0,43455c0,-51.666666666666664
468,468,1750559087580619,-51,128,3C:6A:D2:84:AD:40,0,38480,2ae0,0,43455c0,-51.0
469,469,1750559087681981,-51,128,3C:6A:D2:84:AD:40,0,38496,2ae0,0,43455c0,-50.666666666666664
470,470,1750559087785423,-51,128,3C:6A:D2:84:AD:40,0,38512,2ae0,0,43455c0,-51.0
471,471,1750559087888328,-54,128,3C:6A:D2:84:AD:40,0,38528,2ae0,0,43455c0,-52.0
472,472,1750559087990297,-57,128,3C:6A:D2:84:AD:40,0,38544,2ae0,0,43455c0,-54.0
473,473,1750559088092639,-56,128,3C:6A:D2:84:AD:40,0,38560,2ae0,0,43455c0,-55.666666666666664
474,474,1750559088195043,-53,128,3C:6A:D2:84:AD:40,0,38576,2ae0,0,43455c0,-55.333333333333336
475,475,1750559088297451,-50,128,3C:6A:D2:84:AD:40,0,38592,2ae0,0,43455c0,-53.0
476,476,1750559088366982,-49,8,3C:6A:D2:84:AD:40,0,57264,2ae0,0,43455c0,-50.666666666666664
477,477,1750559088398828,-52,128,3C:6A:D2:84:AD:40,0,38608,2ae0,0,43455c0,-50.333333333333336
478,478,1750559088502247,-53,128,3C:6A:D2:84:AD:40,0,38624,2ae0,0,43455c0,-51.333333333333336
479,479,1750559088604621,-54,128,3C:6A:D2:84:AD:40,0,38640,2ae0,0,43455c0,-53.0
480,480,1750559088707069,-56,128,3C:6A:D2:84:AD:40,0,38656,2ae0,0,43455c0,-54.333333333333336
481,481,1750559088809429,-52,128,3C:6A:D2:84:AD:40,0,38672,2ae0,0,43455c0,-54.0
482,482,1750559088911827,-52,128,3C:6A:D2:84:AD:40,0,38688,2ae0,0,43455c0,-53.333333333333336
483,483,1750559089014234,-54,128,3C:6A:D2:84:AD:40,0,38704,2ae0,0,43455c0,-52.666666666666664
484,484,1750559089116634,-54,128,3C:6A:D2:84:AD:40,0,38720,2ae0,0,43455c0,-53.333333333333336
485,485,1750559089189067,-52,8,3C:6A:D2:84:AD:40,0,57280,2ae0,0,43455c0,-53.333333333333336
486,486,1750559089219038,-54,128,3C:6A:D2:84:AD:40,0,38736,2ae0,0,43455c0,-53.333333333333336
487,487,1750559089294397,-57,8,3C:6A:D2:84:AD:40,0,57296,2ae0,0,43455c0,-54.333333333333336
488,488,1750559089321790,-56,128,3C:6A:D2:84:AD:40,0,38752,2ae0,0,43455c0,-55.666666666666664
489,489,1750559089399592,-56,8,3C:6A:D2:84:AD:40,0,57312,2ae0,0,43455c0,-56.333333333333336
490,490,1750559089422530,-56,128,3C:6A:D2:84:AD:40,0,38768,2ae0,0,43455c0,-56.0
491,491,1750559089526498,-54,128,3C:6A:D2:84:AD:40,0,38784,2ae0,0,43455c0,-55.333333333333336
492,492,1750559089628677,-55,128,3C:6A:D2:84:AD:40,0,38800,2ae0,0,43455c0,-55.0
493,493,1750559089730805,-54,128,3C:6A:D2:84:AD:40,0,38816,2ae0,0,43455c0,-54.333333333333336
494,494,1750559089833227,-55,128,3C:6A:D2:84:AD:40,0,38832,2ae0,0,43455c0,-54.666666666666664
495,495,1750559089934771,-54,128,3C:6A:D2:84:AD:40,0,38848,2ae0,0,43455c0,-54.333333333333336
496,496,1750559090038013,-57,128,3C:6A:D2:84:AD:40,0,38864,2ae0,0,43455c0,-55.333333333333336
497,497,1750559090142614,-57,128,3C:6A:D2:84:AD:40,0,38880,2ae0,0,43455c0,-56.0
498,498,1750559090243033,-53,128,3C:6A:D2:84:AD:40,0,38896,2ae0,0,43455c0,-55.666666666666664
499,499,1750559090345491,-52,128,3C:6A:D2:84:AD:40,0,38912,2ae0,0,43455c0,-54.0
500,500,1750559090447837,-53,128,3C:6A:D2:84:AD:40,0,38928,2ae0,0,43455c0,-52.666666666666664
501,501,1750559090550310,-56,128,3C:6A:D2:84:AD:40,0,38944,2ae0,0,43455c0,-53.666666666666664
502,502,1750559090652695,-53,128,3C:6A:D2:84:AD:40,0,38960,2ae0,0,43455c0,-54.0
503,503,1750559090755081,-54,128,3C:6A:D2:84:AD:40,0,38976,2ae0,0,43455c0,-54.333333333333336
504,504,1750559090856762,-53,128,3C:6A:D2:84:AD:40,0,38992,2ae0,0,43455c0,-53.333333333333336
505,505,1750559090958886,-53,128,3C:6A:D2:84:AD:40,0,39008,2ae0,0,43455c0,-53.333333333333336
506,506,1750559091062308,-53,128,3C:6A:D2:84:AD:40,0,39024,2ae0,0,43455c0,-53.0
507,507,1750559091163663,-53,128,3C:6A:D2:84:AD:40,0,39040,2ae0,0,43455c0,-53.0
508,508,1750559091267093,-53,128,3C:6A:D2:84:AD:40,0,39056,2ae0,0,43455c0,-53.0
509,509,1750559091369451,-54,128,3C:6A:D2:84:AD:40,0,39072,2ae0,0,43455c0,-53.333333333333336
510,510,1750559091373855,-54,8,3C:6A:D2:84:AD:40,0,57328,2ae0,0,43455c0,-53.666666666666664
511,511,1750559091471521,-55,128,3C:6A:D2:84:AD:40,0,39088,2ae0,0,43455c0,-54.333333333333336
512,512,1750559091574308,-54,128,3C:6A:D2:84:AD:40,0,39104,2ae0,0,43455c0,-54.333333333333336
513,513,1750559091676662,-54,128,3C:6A:D2:84:AD:40,0,39120,2ae0,0,43455c0,-54.333333333333336
514,514,1750559091779087,-53,128,3C:6A:D2:84:AD:40,0,39136,2ae0,0,43455c0,-53.666666666666664
515,515,1750559091881496,-54,128,3C:6A:D2:84:AD:40,0,39152,2ae0,0,43455c0,-53.666666666666664
516,516,1750559091983884,-55,128,3C:6A:D2:84:AD:40,0,39168,2ae0,0,43455c0,-54.0
517,517,1750559092086292,-54,128,3C:6A:D2:84:AD:40,0,39184,2ae0,0,43455c0,-54.333333333333336
518,518,1750559092188643,-51,128,3C:6A:D2:84:AD:40,0,39200,2ae0,0,43455c0,-53.333333333333336
519,519,1750559092291087,-57,128,3C:6A:D2:84:AD:40,0,39216,2ae0,0,43455c0,-54.0
520,520,1750559092393527,-53,128,3C:6A:D2:84:AD:40,0,39232,2ae0,0,43455c0,-53.666666666666664
521,521,1750559092495854,-54,128,3C:6A:D2:84:AD:40,0,39248,2ae0,0,43455c0,-54.666666666666664
522,522,1750559092598327,-52,128,3C:6A:D2:84:AD:40,0,39264,2ae0,0,43455c0,-53.0
523,523,1750559092700642,-53,128,3C:6A:D2:84:AD:40,0,39280,2ae0,0,43455c0,-53.0
524,524,1750559092803108,-54,128,3C:6A:D2:84:AD:40,0,39296,2ae0,0,43455c0,-53.0
525,525,1750559092904473,-56,128,3C:6A:D2:84:AD:40,0,39312,2ae0,0,43455c0,-54.333333333333336
526,526,1750559093007907,-57,128,3C:6A:D2:84:AD:40,0,39328,2ae0,0,43455c0,-55.666666666666664
527,527,1750559093110309,-57,128,3C:6A:D2:84:AD:40,0,39344,2ae0,0,43455c0,-56.666666666666664
528,528,1750559093212701,-53,128,3C:6A:D2:84:AD:40,0,39360,2ae0,0,43455c0,-55.666666666666664
529,529,1750559093315155,-52,128,3C:6A:D2:84:AD:40,0,39376,2ae0,0,43455c0,-54.0
530,530,1750559093417566,-55,128,3C:6A:D2:84:AD:40,0,39392,2ae0,0,43455c0,-53.333333333333336
531,531,1750559093518797,-51,128,3C:6A:D2:84:AD:40,0,39408,2ae0,0,43455c0,-52.666666666666664
532,532,1750559093622315,-56,128,3C:6A:D2:84:AD:40,0,39424,2ae0,0,43455c0,-54.0
533,533,1750559093724700,-54,128,3C:6A:D2:84:AD:40,0,39440,2ae0,0,43455c0,-53.666666666666664
534,534,1750559093827092,-55,128,3C:6A:D2:84:AD:40,0,39456,2ae0,0,43455c0,-55.0
535,535,1750559093929529,-54,128,3C:6A:D2:84:AD:40,0,39472,2ae0,0,43455c0,-54.333333333333336
536,536,1750559094031870,-52,128,3C:6A:D2:84:AD:40,0,39488,2ae0,0,43455c0,-53.666666666666664
537,537,1750559094134316,-52,128,3C:6A:D2:84:AD:40,0,39504,2ae0,0,43455c0,-52.666666666666664
538,538,1750559094236697,-53,128,3C:6A:D2:84:AD:40,0,39520,2ae0,0,43455c0,-52.333333333333336
539,539,1750559094345862,-55,128,3C:6A:D2:84:AD:40,0,39536,2ae0,0,43455c0,-53.333333333333336
540,540,1750559094441511,-55,128,3C:6A:D2:84:AD:40,0,39552,2ae0,0,43455c0,-54.333333333333336
541,541,1750559094545160,-55,128,3C:6A:D2:84:AD:40,0,39568,2ae0,0,43455c0,-55.0
542,542,1750559094645308,-53,128,3C:6A:D2:84:AD:40,0,39584,2ae0,0,43455c0,-54.333333333333336
543,543,1750559094748738,-51,128,3C:6A:D2:84:AD:40,0,39600,2ae0,0,43455c0,-53.0
544,544,1750559094851115,-50,128,3C:6A:D2:84:AD:40,0,39616,2ae0,0,43455c0,-51.333333333333336
545,545,1750559094953528,-51,128,3C:6A:D2:84:AD:40,0,39632,2ae0,0,43455c0,-50.666666666666664
546,546,1750559095055912,-52,128,3C:6A:D2:84:AD:40,0,39648,2ae0,0,43455c0,-51.0
547,547,1750559095158346,-52,128,3C:6A:D2:84:AD:40,0,39664,2ae0,0,43455c0,-51.666666666666664
548,548,1750559095262782,-53,128,3C:6A:D2:84:AD:40,0,39680,2ae0,0,43455c0,-52.333333333333336
549,549,1750559095363102,-52,128,3C:6A:D2:84:AD:40,0,39696,2ae0,0,43455c0,-52.333333333333336
550,550,1750559095465515,-52,128,3C:6A:D2:84:AD:40,0,39712,2ae0,0,43455c0,-52.333333333333336
551,551,1750559095567932,-52,128,3C:6A:D2:84:AD:40,0,39728,2ae0,0,43455c0,-52.0
552,552,1750559095593175,-52,8,3C:6A:D2:84:AD:40,0,57344,2ae0,0,43455c0,-52.0
553,553,1750559095670391,-53,128,3C:6A:D2:84:AD:40,0,39744,2ae0,0,43455c0,-52.333333333333336
554,554,1750559095771702,-55,128,3C:6A:D2:84:AD:40,0,39760,2ae0,0,43455c0,-53.333333333333336
555,555,1750559095875086,-56,128,3C:6A:D2:84:AD:40,0,39776,2ae0,0,43455c0,-54.666666666666664
556,556,1750559095977519,-55,128,3C:6A:D2:84:AD:40,0,39792,2ae0,0,43455c0,-55.333333333333336
557,557,1750559096079924,-55,128,3C:6A:D2:84:AD:40,0,39808,2ae0,0,43455c0,-55.333333333333336
558,558,1750559096182384,-54,128,3C:6A:D2:84:AD:40,0,39824,2ae0,0,43455c0,-54.666666666666664
559,559,1750559096284726,-53,128,3C:6A:D2:84:AD:40,0,39840,2ae0,0,43455c0,-54.0
560,560,1750559096387178,-52,128,3C:6A:D2:84:AD:40,0,39856,2ae0,0,43455c0,-53.0
561,561,1750559096489489,-52,128,3C:6A:D2:84:AD:40,0,39872,2ae0,0,43455c0,-52.333333333333336
562,562,1750559096592181,-51,128,3C:6A:D2:84:AD:40,0,39888,2ae0,0,43455c0,-51.666666666666664
563,563,1750559096693308,-50,128,3C:6A:D2:84:AD:40,0,39904,2ae0,0,43455c0,-51.0
564,564,1750559096796737,-50,128,3C:6A:D2:84:AD:40,0,39920,2ae0,0,43455c0,-50.333333333333336
565,565,1750559096899337,-54,128,3C:6A:D2:84:AD:40,0,39936,2ae0,0,43455c0,-51.333333333333336
566,566,1750559097001493,-54,128,3C:6A:D2:84:AD:40,0,39952,2ae0,0,43455c0,-52.666666666666664
567,567,1750559097103910,-56,128,3C:6A:D2:84:AD:40,0,39968,2ae0,0,43455c0,-54.666666666666664
568,568,1750559097206352,-51,128,3C:6A:D2:84:AD:40,0,39984,2ae0,0,43455c0,-53.666666666666664
569,569,1750559097308049,-51,128,3C:6A:D2:84:AD:40,0,40000,2ae0,0,43455c0,-52.666666666666664
570,570,1750559097411439,-53,128,3C:6A:D2:84:AD:40,0,40016,2ae0,0,43455c0,-51.666666666666664
571,571,1750559097513517,-54,128,3C:6A:D2:84:AD:40,0,40032,2ae0,0,43455c0,-52.666666666666664
572,572,1750559097615138,-52,128,3C:6A:D2:84:AD:40,0,40048,2ae0,0,43455c0,-53.0
573,573,1750559097718352,-50,128,3C:6A:D2:84:AD:40,0,40064,2ae0,0,43455c0,-52.0
574,574,1750559097820747,-53,128,3C:6A:D2:84:AD:40,0,40080,2ae0,0,43455c0,-51.666666666666664
575,575,1750559097923145,-53,128,3C:6A:D2:84:AD:40,0,40096,2ae0,0,43455c0,-52.0
576,576,1750559098024534,-52,128,3C:6A:D2:84:AD:40,0,40112,2ae0,0,43455c0,-52.666666666666664
577,577,1750559098126938,-53,128,3C:6A:D2:84:AD:40,0,40128,2ae0,0,43455c0,-52.666666666666664
578,578,1750559098230373,-55,128,3C:6A:D2:84:AD:40,0,40144,2ae0,0,43455c0,-53.333333333333336
579,579,1750559098332904,-53,128,3C:6A:D2:84:AD:40,0,40160,2ae0,0,43455c0,-53.666666666666664
580,580,1750559098435186,-54,128,3C:6A:D2:84:AD:40,0,40176,2ae0,0,43455c0,-54.0
581,581,1750559098537551,-53,128,3C:6A:D2:84:AD:40,0,40192,2ae0,0,43455c0,-53.333333333333336
582,582,1750559098638886,-55,128,3C:6A:D2:84:AD:40,0,40208,2ae0,0,43455c0,-54.0
583,583,1750559098742418,-54,128,3C:6A:D2:84:AD:40,0,40224,2ae0,0,43455c0,-54.0
584,584,1750559098844782,-56,128,3C:6A:D2:84:AD:40,0,40240,2ae0,0,43455c0,-55.0
585,585,1750559098947150,-55,128,3C:6A:D2:84:AD:40,0,40256,2ae0,0,43455c0,-55.0
586,586,1750559099049562,-54,128,3C:6A:D2:84:AD:40,0,40272,2ae0,0,43455c0,-55.0
587,587,1750559099151946,-53,128,3C:6A:D2:84:AD:40,0,40288,2ae0,0,43455c0,-54.0
588,588,1750559099195356,-54,8,3C:6A:D2:84:AD:40,0,57360,2ae0,0,43455c0,-53.666666666666664
589,589,1750559099256482,-56,128,3C:6A:D2:84:AD:40,0,40304,2ae0,0,43455c0,-54.333333333333336
590,590,1750559099300581,-54,8,3C:6A:D2:84:AD:40,0,57376,2ae0,0,43455c0,-54.666666666666664
591,591,1750559099356904,-53,128,3C:6A:D2:84:AD:40,0,40320,2ae0,0,43455c0,-54.333333333333336
592,592,1750559099406167,-50,8,3C:6A:D2:84:AD:40,0,57392,2ae0,0,43455c0,-52.333333333333336
593,593,1750559099458975,-52,128,3C:6A:D2:84:AD:40,0,40336,2ae0,0,43455c0,-51.666666666666664
594,594,1750559099561527,-52,128,3C:6A:D2:84:AD:40,0,40352,2ae0,0,43455c0,-51.333333333333336
595,595,1750559099663953,-54,128,3C:6A:D2:84:AD:40,0,40368,2ae0,0,43455c0,-52.666666666666664
596,596,1750559099765286,-55,128,3C:6A:D2:84:AD:40,0,40384,2ae0,0,43455c0,-53.666666666666664
597,597,1750559099868767,-51,128,3C:6A:D2:84:AD:40,0,40400,2ae0,0,43455c0,-53.333333333333336
598,598,1750559099971160,-56,128,3C:6A:D2:84:AD:40,0,40416,2ae0,0,43455c0,-54.0
599,599,1750559100073549,-58,128,3C:6A:D2:84:AD:40,0,40432,2ae0,0,43455c0,-55.0
600,600,1750559100175955,-53,128,3C:6A:D2:84:AD:40,0,40448,2ae0,0,43455c0,-55.666666666666664
601,601,1750559100278388,-54,128,3C:6A:D2:84:AD:40,0,40464,2ae0,0,43455c0,-55.0
602,602,1750559100380798,-57,128,3C:6A:D2:84:AD:40,0,40480,2ae0,0,43455c0,-54.666666666666664
603,603,1750559100483142,-55,128,3C:6A:D2:84:AD:40,0,40496,2ae0,0,43455c0,-55.333333333333336
604,604,1750559100585561,-55,128,3C:6A:D2:84:AD:40,0,40512,2ae0,0,43455c0,-55.666666666666664
605,605,1750559100690045,-53,128,3C:6A:D2:84:AD:40,0,40528,2ae0,0,43455c0,-54.333333333333336
606,606,1750559100790397,-51,128,3C:6A:D2:84:AD:40,0,40544,2ae0,0,43455c0,-53.0
607,607,1750559100891759,-54,128,3C:6A:D2:84:AD:40,0,40560,2ae0,0,43455c0,-52.666666666666664
608,608,1750559100995441,-56,128,3C:6A:D2:84:AD:40,0,40576,2ae0,0,43455c0,-53.666666666666664
609,609,1750559101097583,-52,128,3C:6A:D2:84:AD:40,0,40592,2ae0,0,43455c0,-54.0
610,610,1750559101199918,-53,128,3C:6A:D2:84:AD:40,0,40608,2ae0,0,43455c0,-53.666666666666664
611,611,1750559101302404,-54,128,3C:6A:D2:84:AD:40,0,40624,2ae0,0,43455c0,-53.0
612,612,1750559101404743,-53,128,3C:6A:D2:84:AD:40,0,40640,2ae0,0,43455c0,-53.333333333333336
613,613,1750559101507156,-53,128,3C:6A:D2:84:AD:40,0,40656,2ae0,0,43455c0,-53.333333333333336
614,614,1750559101609034,-54,128,3C:6A:D2:84:AD:40,0,40672,2ae0,0,43455c0,-53.333333333333336
615,615,1750559101712098,-55,128,3C:6A:D2:84:AD:40,0,40688,2ae0,0,43455c0,-54.0
616,616,1750559101814367,-53,128,3C:6A:D2:84:AD:40,0,40704,2ae0,0,43455c0,-54.0
617,617,1750559101916774,-55,128,3C:6A:D2:84:AD:40,0,40720,2ae0,0,43455c0,-54.333333333333336
618,618,1750559102018056,-53,128,3C:6A:D2:84:AD:40,0,40736,2ae0,0,43455c0,-53.666666666666664
619,619,1750559102121543,-54,128,3C:6A:D2:84:AD:40,0,40752,2ae0,0,43455c0,-54.0
620,620,1750559102223945,-55,128,3C:6A:D2:84:AD:40,0,40768,2ae0,0,43455c0,-54.0
621,621,1750559102326527,-54,128,3C:6A:D2:84:AD:40,0,40784,2ae0,0,43455c0,-54.333333333333336
622,622,1750559102427763,-55,128,3C:6A:D2:84:AD:40,0,40800,2ae0,0,43455c0,-54.666666666666664
623,623,1750559102531186,-54,128,3C:6A:D2:84:AD:40,0,40816,2ae0,0,43455c0,-54.333333333333336
624,624,1750559102588515,-54,8,3C:6A:D2:84:AD:40,0,57408,2ae0,0,43455c0,-54.333333333333336
625,625,1750559102633619,-55,128,3C:6A:D2:84:AD:40,0,40832,2ae0,0,43455c0,-54.333333333333336
626,626,1750559102735989,-54,128,3C:6A:D2:84:AD:40,0,40848,2ae0,0,43455c0,-54.333333333333336
627,627,1750559102838415,-55,128,3C:6A:D2:84:AD:40,0,40864,2ae0,0,43455c0,-54.666666666666664
628,628,1750559102940751,-54,128,3C:6A:D2:84:AD:40,0,40880,2ae0,0,43455c0,-54.333333333333336
629,629,1750559103043168,-54,128,3C:6A:D2:84:AD:40,0,40896,2ae0,0,43455c0,-54.333333333333336
630,630,1750559103144420,-55,128,3C:6A:D2:84:AD:40,0,40912,2ae0,0,43455c0,-54.333333333333336
631,631,1750559103247959,-55,128,3C:6A:D2:84:AD:40,0,40928,2ae0,0,43455c0,-54.666666666666664
632,632,1750559103350469,-55,128,3C:6A:D2:84:AD:40,0,40944,2ae0,0,43455c0,-55.0
633,633,1750559103452785,-55,128,3C:6A:D2:84:AD:40,0,40960,2ae0,0,43455c0,-55.0
634,634,1750559103555185,-55,128,3C:6A:D2:84:AD:40,0,40976,2ae0,0,43455c0,-55.0
635,635,1750559103589789,-55,8,3C:6A:D2:84:AD:40,0,57424,2ae0,0,43455c0,-55.0
636,636,1750559103657582,-56,128,3C:6A:D2:84:AD:40,0,40992,2ae0,0,43455c0,-55.333333333333336
637,637,1750559103759959,-55,128,3C:6A:D2:84:AD:40,0,41008,2ae0,0,43455c0,-55.333333333333336
638,638,1750559103862427,-55,128,3C:6A:D2:84:AD:40,0,41024,2ae0,0,43455c0,-55.333333333333336
639,639,1750559103964782,-55,128,3C:6A:D2:84:AD:40,0,41040,2ae0,0,43455c0,-55.0
640,640,1750559104067215,-55,128,3C:6A:D2:84:AD:40,0,41056,2ae0,0,43455c0,-55.0
641,641,1750559104169620,-55,128,3C:6A:D2:84:AD:40,0,41072,2ae0,0,43455c0,-55.0
642,642,1750559104270939,-55,128,3C:6A:D2:84:AD:40,0,41088,2ae0,0,43455c0,-55.0
643,643,1750559104374492,-55,128,3C:6A:D2:84:AD:40,0,41104,2ae0,0,43455c0,-55.0
644,644,1750559104476732,-56,128,3C:6A:D2:84:AD:40,0,41120,2ae0,0,43455c0,-55.333333333333336
645,645,1750559104579243,-55,128,3C:6A:D2:84:AD:40,0,41136,2ae0,0,43455c0,-55.333333333333336
646,646,1750559104681634,-54,128,3C:6A:D2:84:AD:40,0,41152,2ae0,0,43455c0,-55.0
647,647,1750559104783990,-53,128,3C:6A:D2:84:AD:40,0,41168,2ae0,0,43455c0,-54.0
648,648,1750559104886441,-54,128,3C:6A:D2:84:AD:40,0,41184,2ae0,0,43455c0,-53.666666666666664
649,649,1750559104988799,-54,128,3C:6A:D2:84:AD:40,0,41200,2ae0,0,43455c0,-53.666666666666664
650,650,1750559105091211,-55,128,3C:6A:D2:84:AD:40,0,41216,2ae0,0,43455c0,-54.333333333333336
651,651,1750559105197516,-55,128,3C:6A:D2:84:AD:40,0,41232,2ae0,0,43455c0,-54.666666666666664
652,652,1750559105266715,-54,8,3C:6A:D2:84:AD:40,0,57440,2ae0,0,43455c0,-54.666666666666664
653,653,1750559105295975,-54,128,3C:6A:D2:84:AD:40,0,41248,2ae0,0,43455c0,-54.333333333333336
654,654,1750559105398394,-54,128,3C:6A:D2:84:AD:40,0,41264,2ae0,0,43455c0,-54.0
655,655,1750559105503054,-54,128,3C:6A:D2:84:AD:40,0,41280,2ae0,0,43455c0,-54.0
656,656,1750559105593309,-53,8,3C:6A:D2:84:AD:40,0,57456,2ae0,0,43455c0,-53.666666666666664
657,657,1750559105593951,-53,8,3C:6A:D2:84:AD:40,0,57472,2ae0,0,43455c0,-53.333333333333336
658,658,1750559105594329,-53,8,3C:6A:D2:84:AD:40,0,57488,2ae0,0,43455c0,-53.0
659,659,1750559105595040,-53,8,3C:6A:D2:84:AD:40,0,57504,2ae0,0,43455c0,-53.0
660,660,1750559105596648,-53,8,3C:6A:D2:84:AD:40,0,57520,2ae0,0,43455c0,-53.0
661,661,1750559105603207,-52,128,3C:6A:D2:84:AD:40,0,41296,2ae0,0,43455c0,-52.666666666666664
662,662,1750559105705596,-55,128,3C:6A:D2:84:AD:40,0,41312,2ae0,0,43455c0,-53.333333333333336
663,663,1750559105808044,-55,128,3C:6A:D2:84:AD:40,0,41328,2ae0,0,43455c0,-54.0
664,664,1750559105910447,-51,128,3C:6A:D2:84:AD:40,0,41344,2ae0,0,43455c0,-53.666666666666664
665,665,1750559106012807,-54,128,3C:6A:D2:84:AD:40,0,41360,2ae0,0,43455c0,-53.333333333333336
666,666,1750559106115315,-60,128,3C:6A:D2:84:AD:40,0,41376,2ae0,0,43455c0,-55.0
667,667,1750559106217612,-58,128,3C:6A:D2:84:AD:40,0,41392,2ae0,0,43455c0,-57.333333333333336
668,668,1750559106269919,-60,8,3C:6A:D2:84:AD:40,0,57536,2ae0,0,43455c0,-59.333333333333336
669,669,1750559106320065,-54,128,3C:6A:D2:84:AD:40,0,41408,2ae0,0,43455c0,-57.333333333333336
670,670,1750559106422495,-54,128,3C:6A:D2:84:AD:40,0,41424,2ae0,0,43455c0,-56.0
671,671,1750559106523825,-56,128,3C:6A:D2:84:AD:40,0,41440,2ae0,0,43455c0,-54.666666666666664
672,672,1750559106627206,-55,128,3C:6A:D2:84:AD:40,0,41456,2ae0,0,43455c0,-55.0
673,673,1750559106729635,-56,128,3C:6A:D2:84:AD:40,0,41472,2ae0,0,43455c0,-55.666666666666664
674,674,1750559106832057,-52,128,3C:6A:D2:84:AD:40,0,41488,2ae0,0,43455c0,-54.333333333333336
675,675,1750559106934437,-52,128,3C:6A:D2:84:AD:40,0,41504,2ae0,0,43455c0,-53.333333333333336
676,676,1750559107036853,-52,128,3C:6A:D2:84:AD:40,0,41520,2ae0,0,43455c0,-52.0
677,677,1750559107139247,-56,128,3C:6A:D2:84:AD:40,0,41536,2ae0,0,43455c0,-53.333333333333336
678,678,1750559107241662,-55,128,3C:6A:D2:84:AD:40,0,41552,2ae0,0,43455c0,-54.333333333333336
679,679,1750559107344051,-55,128,3C:6A:D2:84:AD:40,0,41568,2ae0,0,43455c0,-55.333333333333336
680,680,1750559107445921,-59,128,3C:6A:D2:84:AD:40,0,41584,2ae0,0,43455c0,-56.333333333333336
681,681,1750559107458821,-56,8,3C:6A:D2:84:AD:40,0,57552,2ae0,0,43455c0,-56.666666666666664
682,682,1750559107480726,-55,80,3C:6A:D2:84:AD:40,0,41600,2ae0,0,43455c0,-56.666666666666664
683,683,1750559107521167,-56,80,3C:6A:D2:84:AD:40,0,41632,2ae0,0,43455c0,-55.666666666666664
684,684,1750559107548767,-53,128,3C:6A:D2:84:AD:40,0,41664,2ae0,0,43455c0,-54.666666666666664
685,685,1750559107651205,-53,128,3C:6A:D2:84:AD:40,0,41680,2ae0,0,43455c0,-54.0
686,686,1750559107753598,-55,128,3C:6A:D2:84:AD:40,0,41696,2ae0,0,43455c0,-53.666666666666664
687,687,1750559107856119,-58,128,3C:6A:D2:84:AD:40,0,41712,2ae0,0,43455c0,-55.333333333333336
688,688,1750559107958447,-54,128,3C:6A:D2:84:AD:40,0,41728,2ae0,0,43455c0,-55.666666666666664
689,689,1750559108060916,-52,128,3C:6A:D2:84:AD:40,0,41744,2ae0,0,43455c0,-54.666666666666664
690,690,1750559108163196,-51,128,3C:6A:D2:84:AD:40,0,41760,2ae0,0,43455c0,-52.333333333333336
691,691,1750559108265596,-50,128,3C:6A:D2:84:AD:40,0,41776,2ae0,0,43455c0,-51.0
692,692,1750559108368064,-50,128,3C:6A:D2:84:AD:40,0,41792,2ae0,0,43455c0,-50.333333333333336
693,693,1750559108470469,-49,128,3C:6A:D2:84:AD:40,0,41808,2ae0,0,43455c0,-49.666666666666664
694,694,1750559108572827,-49,128,3C:6A:D2:84:AD:40,0,41824,2ae0,0,43455c0,-49.333333333333336
695,695,1750559108675299,-49,128,3C:6A:D2:84:AD:40,0,41840,2ae0,0,43455c0,-49.0
696,696,1750559108776460,-51,128,3C:6A:D2:84:AD:40,0,41856,2ae0,0,43455c0,-49.666666666666664
697,697,1750559108880057,-51,128,3C:6A:D2:84:AD:40,0,41872,2ae0,0,43455c0,-50.333333333333336
698,698,1750559108982459,-49,128,3C:6A:D2:84:AD:40,0,41888,2ae0,0,43455c0,-50.333333333333336
699,699,1750559109084932,-51,128,3C:6A:D2:84:AD:40,0,41904,2ae0,0,43455c0,-50.333333333333336
700,700,1750559109187265,-51,128,3C:6A:D2:84:AD:40,0,41920,2ae0,0,43455c0,-50.333333333333336
701,701,1750559109197166,-52,8,3C:6A:D2:84:AD:40,0,57568,2ae0,0,43455c0,-51.333333333333336
702,702,1750559109278459,-48,8,3C:6A:D2:84:AD:40,0,57584,2ae0,0,43455c0,-50.333333333333336
703,703,1750559109288610,-48,128,3C:6A:D2:84:AD:40,0,41936,2ae0,0,43455c0,-49.333333333333336
704,704,1750559109301715,-48,8,3C:6A:D2:84:AD:40,0,57600,2ae0,0,43455c0,-48.0
705,705,1750559109392723,-49,128,3C:6A:D2:84:AD:40,0,41952,2ae0,0,43455c0,-48.333333333333336
706,706,1750559109407513,-49,8,3C:6A:D2:84:AD:40,0,57616,2ae0,0,43455c0,-48.666666666666664
707,707,1750559109494419,-49,128,3C:6A:D2:84:AD:40,0,41968,2ae0,0,43455c0,-49.0
708,708,1750559109596818,-50,128,3C:6A:D2:84:AD:40,0,41984,2ae0,0,43455c0,-49.333333333333336
709,709,1750559109699196,-50,128,3C:6A:D2:84:AD:40,0,42000,2ae0,0,43455c0,-49.666666666666664
710,710,1750559109801700,-50,128,3C:6A:D2:84:AD:40,0,42016,2ae0,0,43455c0,-50.0
711,711,1750559109902959,-51,128,3C:6A:D2:84:AD:40,0,42032,2ae0,0,43455c0,-50.333333333333336
712,712,1750559109966654,-52,8,3C:6A:D2:84:AD:40,0,57632,2ae0,0,43455c0,-51.0
713,713,1750559109967227,-52,8,3C:6A:D2:84:AD:40,0,57664,2ae0,0,43455c0,-51.666666666666664
714,714,1750559109968844,-52,8,3C:6A:D2:84:AD:40,0,57696,2ae0,0,43455c0,-52.0
715,715,1750559109969421,-52,8,3C:6A:D2:84:AD:40,0,57728,2ae0,0,43455c0,-52.0
716,716,1750559109971124,-55,8,3C:6A:D2:84:AD:40,0,57744,2ae0,0,43455c0,-53.0
717,717,1750559109971392,-52,8,3C:6A:D2:84:AD:40,0,57776,2ae0,0,43455c0,-53.0
718,718,1750559110006410,-50,128,3C:6A:D2:84:AD:40,0,42048,2ae0,0,43455c0,-52.333333333333336
719,719,1750559110108866,-49,128,3C:6A:D2:84:AD:40,0,42064,2ae0,0,43455c0,-50.333333333333336
720,720,1750559110211285,-50,128,3C:6A:D2:84:AD:40,0,42080,2ae0,0,43455c0,-49.666666666666664
721,721,1750559110313662,-52,128,3C:6A:D2:84:AD:40,0,42096,2ae0,0,43455c0,-50.333333333333336
722,722,1750559110416077,-58,128,3C:6A:D2:84:AD:40,0,42112,2ae0,0,43455c0,-53.333333333333336
723,723,1750559110518460,-57,128,3C:6A:D2:84:AD:40,0,42128,2ae0,0,43455c0,-55.666666666666664
724,724,1750559110620908,-56,128,3C:6A:D2:84:AD:40,0,42144,2ae0,0,43455c0,-57.0
725,725,1750559110723241,-54,128,3C:6A:D2:84:AD:40,0,42160,2ae0,0,43455c0,-55.666666666666664
726,726,1750559110803488,-53,8,3C:6A:D2:84:AD:40,0,57792,2ae0,0,43455c0,-54.333333333333336
727,727,1750559110826174,-54,128,3C:6A:D2:84:AD:40,0,42176,2ae0,0,43455c0,-53.666666666666664
728,728,1750559110928028,-58,128,3C:6A:D2:84:AD:40,0,42192,2ae0,0,43455c0,-55.0
729,729,1750559111029453,-58,128,3C:6A:D2:84:AD:40,0,42208,2ae0,0,43455c0,-56.666666666666664
730,730,1750559111132861,-54,128,3C:6A:D2:84:AD:40,0,42224,2ae0,0,43455c0,-56.666666666666664
731,731,1750559111235315,-52,128,3C:6A:D2:84:AD:40,0,42240,2ae0,0,43455c0,-54.666666666666664
732,732,1750559111337713,-52,128,3C:6A:D2:84:AD:40,0,42256,2ae0,0,43455c0,-52.666666666666664
733,733,1750559111440058,-54,128,3C:6A:D2:84:AD:40,0,42272,2ae0,0,43455c0,-52.666666666666664
734,734,1750559111542445,-54,128,3C:6A:D2:84:AD:40,0,42288,2ae0,0,43455c0,-53.333333333333336
735,735,1750559111644874,-54,128,3C:6A:D2:84:AD:40,0,42304,2ae0,0,43455c0,-54.0
736,736,1750559111747297,-54,128,3C:6A:D2:84:AD:40,0,42320,2ae0,0,43455c0,-54.0
737,737,1750559111849690,-54,128,3C:6A:D2:84:AD:40,0,42336,2ae0,0,43455c0,-54.0
738,738,1750559111952102,-54,128,3C:6A:D2:84:AD:40,0,42352,2ae0,0,43455c0,-54.0
739,739,1750559112054493,-54,128,3C:6A:D2:84:AD:40,0,42368,2ae0,0,43455c0,-54.0
740,740,1750559112156874,-53,128,3C:6A:D2:84:AD:40,0,42384,2ae0,0,43455c0,-53.666666666666664
741,741,1750559112259304,-56,128,3C:6A:D2:84:AD:40,0,42400,2ae0,0,43455c0,-54.333333333333336
742,742,1750559112361722,-52,128,3C:6A:D2:84:AD:40,0,42416,2ae0,0,43455c0,-53.666666666666664
743,743,1750559112464089,-53,128,3C:6A:D2:84:AD:40,0,42432,2ae0,0,43455c0,-53.666666666666664
744,744,1750559112566485,-53,128,3C:6A:D2:84:AD:40,0,42448,2ae0,0,43455c0,-52.666666666666664
745,745,1750559112666796,-58,8,3C:6A:D2:84:AD:40,0,57808,2ae0,0,43455c0,-54.666666666666664
746,746,1750559112668530,-58,8,3C:6A:D2:84:AD:40,0,57824,2ae0,0,43455c0,-56.333333333333336
747,747,1750559112719037,-58,8,3C:6A:D2:84:AD:40,0,57840,2ae0,0,43455c0,-58.0
748,748,1750559112731051,-58,8,3C:6A:D2:84:AD:40,0,57856,2ae0,0,43455c0,-58.0
749,749,1750559112734693,-58,8,3C:6A:D2:84:AD:40,0,57872,2ae0,0,43455c0,-58.0
750,750,1750559112736619,-58,8,3C:6A:D2:84:AD:40,0,57888,2ae0,0,43455c0,-58.0
751,751,1750559112767729,-56,8,3C:6A:D2:84:AD:40,0,57904,2ae0,0,43455c0,-57.333333333333336
752,752,1750559112771270,-56,128,3C:6A:D2:84:AD:40,0,42480,2ae0,0,43455c0,-56.666666666666664
753,753,1750559112819689,-56,8,3C:6A:D2:84:AD:40,0,57920,2ae0,0,43455c0,-56.0
754,754,1750559112848638,-56,8,3C:6A:D2:84:AD:40,0,57936,2ae0,0,43455c0,-56.0
755,755,1750559112849100,-56,8,3C:6A:D2:84:AD:40,0,57952,2ae0,0,43455c0,-56.0
756,756,1750559112868041,-56,8,3C:6A:D2:84:AD:40,0,57968,2ae0,0,43455c0,-56.0
757,757,1750559112874273,-56,128,3C:6A:D2:84:AD:40,0,42496,2ae0,0,43455c0,-56.0
758,758,1750559112918820,-57,8,3C:6A:D2:84:AD:40,0,57984,2ae0,0,43455c0,-56.333333333333336
759,759,1750559112969033,-57,8,3C:6A:D2:84:AD:40,0,58000,2ae0,0,43455c0,-56.666666666666664
760,760,1750559112976470,-57,128,3C:6A:D2:84:AD:40,0,42512,2ae0,0,43455c0,-57.0
761,761,1750559113016845,-55,8,3C:6A:D2:84:AD:40,0,58016,2ae0,0,43455c0,-56.333333333333336
762,762,1750559113066504,-56,8,3C:6A:D2:84:AD:40,0,58032,2ae0,0,43455c0,-56.0
763,763,1750559113078440,-56,128,3C:6A:D2:84:AD:40,0,42528,2ae0,0,43455c0,-55.666666666666664
764,764,1750559113119027,-53,8,3C:6A:D2:84:AD:40,0,58048,2ae0,0,43455c0,-55.0
765,765,1750559113168651,-54,8,3C:6A:D2:84:AD:40,0,58064,2ae0,0,43455c0,-54.333333333333336
766,766,1750559113169303,-54,8,3C:6A:D2:84:AD:40,0,58080,2ae0,0,43455c0,-53.666666666666664
767,767,1750559113169765,-55,8,3C:6A:D2:84:AD:40,0,58096,2ae0,0,43455c0,-54.333333333333336
768,768,1750559113170240,-55,8,3C:6A:D2:84:AD:40,0,58112,2ae0,0,43455c0,-54.666666666666664
769,769,1750559113170623,-55,8,3C:6A:D2:84:AD:40,0,58128,2ae0,0,43455c0,-55.0
770,770,1750559113172056,-55,8,3C:6A:D2:84:AD:40,0,58144,2ae0,0,43455c0,-55.0
771,771,1750559113172692,-55,8,3C:6A:D2:84:AD:40,0,58176,2ae0,0,43455c0,-55.0
772,772,1750559113173151,-55,8,3C:6A:D2:84:AD:40,0,58192,2ae0,0,43455c0,-55.0
773,773,1750559113174714,-55,8,3C:6A:D2:84:AD:40,0,58208,2ae0,0,43455c0,-55.0
774,774,1750559113180823,-55,128,3C:6A:D2:84:AD:40,0,42544,2ae0,0,43455c0,-55.0
775,775,1750559113222488,-55,8,3C:6A:D2:84:AD:40,0,58224,2ae0,0,43455c0,-55.0
776,776,1750559113224948,-55,8,3C:6A:D2:84:AD:40,0,58240,2ae0,0,43455c0,-55.0
777,777,1750559113283276,-56,128,3C:6A:D2:84:AD:40,0,42560,2ae0,0,43455c0,-55.333333333333336
778,778,1750559113385745,-54,128,3C:6A:D2:84:AD:40,0,42576,2ae0,0,43455c0,-55.0
779,779,1750559113487631,-56,128,3C:6A:D2:84:AD:40,0,42592,2ae0,0,43455c0,-55.333333333333336
780,780,1750559113590441,-57,128,3C:6A:D2:84:AD:40,0,42608,2ae0,0,43455c0,-55.666666666666664
781,781,1750559113692902,-53,128,3C:6A:D2:84:AD:40,0,42624,2ae0,0,43455c0,-55.333333333333336
782,782,1750559113794307,-55,128,3C:6A:D2:84:AD:40,0,42640,2ae0,0,43455c0,-55.0
783,783,1750559113897646,-57,128,3C:6A:D2:84:AD:40,0,42656,2ae0,0,43455c0,-55.0
784,784,1750559114000091,-55,128,3C:6A:D2:84:AD:40,0,42672,2ae0,0,43455c0,-55.666666666666664
785,785,1750559114102564,-61,128,3C:6A:D2:84:AD:40,0,42688,2ae0,0,43455c0,-57.666666666666664
786,786,1750559114204896,-54,128,3C:6A:D2:84:AD:40,0,42704,2ae0,0,43455c0,-56.666666666666664
787,787,1750559114307328,-57,128,3C:6A:D2:84:AD:40,0,42720,2ae0,0,43455c0,-57.333333333333336
788,788,1750559114409555,-56,128,3C:6A:D2:84:AD:40,0,42736,2ae0,0,43455c0,-55.666666666666664
789,789,1750559114511487,-52,128,3C:6A:D2:84:AD:40,0,42752,2ae0,0,43455c0,-55.0
790,790,1750559114614239,-53,128,3C:6A:D2:84:AD:40,0,42768,2ae0,0,43455c0,-53.666666666666664
791,791,1750559114716672,-55,128,3C:6A:D2:84:AD:40,0,42784,2ae0,0,43455c0,-53.333333333333336
792,792,1750559114819056,-51,128,3C:6A:D2:84:AD:40,0,42800,2ae0,0,43455c0,-53.0
793,793,1750559114921052,-52,128,3C:6A:D2:84:AD:40,0,42816,2ae0,0,43455c0,-52.666666666666664
794,794,1750559115023861,-56,128,3C:6A:D2:84:AD:40,0,42832,2ae0,0,43455c0,-53.0
795,795,1750559115126510,-52,128,3C:6A:D2:84:AD:40,0,42848,2ae0,0,43455c0,-53.333333333333336
796,796,1750559115228900,-54,128,3C:6A:D2:84:AD:40,0,42864,2ae0,0,43455c0,-54.0
797,797,1750559115330311,-51,128,3C:6A:D2:84:AD:40,0,42880,2ae0,0,43455c0,-52.333333333333336
798,798,1750559115433710,-53,128,3C:6A:D2:84:AD:40,0,42896,2ae0,0,43455c0,-52.666666666666664
799,799,1750559115536109,-53,128,3C:6A:D2:84:AD:40,0,42912,2ae0,0,43455c0,-52.333333333333336
800,800,1750559115638516,-52,128,3C:6A:D2:84:AD:40,0,42928,2ae0,0,43455c0,-52.666666666666664
801,801,1750559115740890,-53,128,3C:6A:D2:84:AD:40,0,42944,2ae0,0,43455c0,-52.666666666666664
802,802,1750559115843348,-52,128,3C:6A:D2:84:AD:40,0,42960,2ae0,0,43455c0,-52.333333333333336
803,803,1750559115944858,-53,128,3C:6A:D2:84:AD:40,0,42976,2ae0,0,43455c0,-52.666666666666664
804,804,1750559115980393,-53,8,3C:6A:D2:84:AD:40,0,58272,2ae0,0,43455c0,-52.666666666666664
805,805,1750559116046885,-54,128,3C:6A:D2:84:AD:40,0,42992,2ae0,0,43455c0,-53.333333333333336
806,806,1750559116150539,-53,128,3C:6A:D2:84:AD:40,0,43008,2ae0,0,43455c0,-53.333333333333336
807,807,1750559116252930,-53,128,3C:6A:D2:84:AD:40,0,43024,2ae0,0,43455c0,-53.333333333333336
808,808,1750559116357576,-53,128,3C:6A:D2:84:AD:40,0,43040,2ae0,0,43455c0,-53.0
809,809,1750559116457729,-53,128,3C:6A:D2:84:AD:40,0,43056,2ae0,0,43455c0,-53.0
810,810,1750559116559081,-53,128,3C:6A:D2:84:AD:40,0,43072,2ae0,0,43455c0,-53.0
811,811,1750559116662528,-54,128,3C:6A:D2:84:AD:40,0,43088,2ae0,0,43455c0,-53.333333333333336
812,812,1750559116767042,-52,128,3C:6A:D2:84:AD:40,0,43104,2ae0,0,43455c0,-53.0
813,813,1750559116867306,-55,128,3C:6A:D2:84:AD:40,0,43120,2ae0,0,43455c0,-53.666666666666664
814,814,1750559116969745,-53,128,3C:6A:D2:84:AD:40,0,43136,2ae0,0,43455c0,-53.333333333333336
815,815,1750559116986766,-53,8,3C:6A:D2:84:AD:40,0,58288,2ae0,0,43455c0,-53.666666666666664
816,816,1750559117072098,-54,128,3C:6A:D2:84:AD:40,0,43152,2ae0,0,43455c0,-53.333333333333336
817,817,1750559117174529,-54,128,3C:6A:D2:84:AD:40,0,43168,2ae0,0,43455c0,-53.666666666666664
818,818,1750559117276929,-53,128,3C:6A:D2:84:AD:40,0,43184,2ae0,0,43455c0,-53.666666666666664
819,819,1750559117379342,-53,128,3C:6A:D2:84:AD:40,0,43200,2ae0,0,43455c0,-53.333333333333336
820,820,1750559117481748,-53,128,3C:6A:D2:84:AD:40,0,43216,2ae0,0,43455c0,-53.0
821,821,1750559117584109,-54,128,3C:6A:D2:84:AD:40,0,43232,2ae0,0,43455c0,-53.333333333333336
822,822,1750559117686515,-54,128,3C:6A:D2:84:AD:40,0,43248,2ae0,0,43455c0,-53.666666666666664
823,823,1750559117788941,-52,128,3C:6A:D2:84:AD:40,0,43264,2ae0,0,43455c0,-53.333333333333336
824,824,1750559117891345,-53,128,3C:6A:D2:84:AD:40,0,43280,2ae0,0,43455c0,-53.0
825,825,1750559117993720,-52,128,3C:6A:D2:84:AD:40,0,43296,2ae0,0,43455c0,-52.333333333333336
826,826,1750559118096177,-51,128,3C:6A:D2:84:AD:40,0,43312,2ae0,0,43455c0,-52.0
827,827,1750559118198528,-55,128,3C:6A:D2:84:AD:40,0,43328,2ae0,0,43455c0,-52.666666666666664
828,828,1750559118300248,-54,128,3C:6A:D2:84:AD:40,0,43344,2ae0,0,43455c0,-53.333333333333336
829,829,1750559118403348,-56,128,3C:6A:D2:84:AD:40,0,43360,2ae0,0,43455c0,-55.0
830,830,1750559118505760,-57,128,3C:6A:D2:84:AD:40,0,43376,2ae0,0,43455c0,-55.666666666666664
831,831,1750559118608175,-53,128,3C:6A:D2:84:AD:40,0,43392,2ae0,0,43455c0,-55.333333333333336
832,832,1750559118712645,-55,128,3C:6A:D2:84:AD:40,0,43408,2ae0,0,43455c0,-55.0
833,833,1750559118811938,-57,128,3C:6A:D2:84:AD:40,0,43424,2ae0,0,43455c0,-55.0
834,834,1750559118914501,-57,128,3C:6A:D2:84:AD:40,0,43440,2ae0,0,43455c0,-56.333333333333336
835,835,1750559119017709,-54,128,3C:6A:D2:84:AD:40,0,43456,2ae0,0,43455c0,-56.0
836,836,1750559119120115,-57,128,3C:6A:D2:84:AD:40,0,43472,2ae0,0,43455c0,-56.0
837,837,1750559119202842,-58,8,3C:6A:D2:84:AD:40,0,58304,2ae0,0,43455c0,-56.333333333333336
838,838,1750559119222569,-56,128,3C:6A:D2:84:AD:40,0,43488,2ae0,0,43455c0,-57.0
839,839,1750559119306873,-55,8,3C:6A:D2:84:AD:40,0,58320,2ae0,0,43455c0,-56.333333333333336
840,840,1750559119323898,-54,128,3C:6A:D2:84:AD:40,0,43504,2ae0,0,43455c0,-55.0
841,841,1750559119407611,-57,8,3C:6A:D2:84:AD:40,0,58336,2ae0,0,43455c0,-55.333333333333336
842,842,1750559119426371,-58,128,3C:6A:D2:84:AD:40,0,43520,2ae0,0,43455c0,-56.333333333333336
843,843,1750559119529702,-59,128,3C:6A:D2:84:AD:40,0,43536,2ae0,0,43455c0,-58.0
844,844,1750559119632134,-55,128,3C:6A:D2:84:AD:40,0,43552,2ae0,0,43455c0,-57.333333333333336
845,845,1750559119734515,-54,128,3C:6A:D2:84:AD:40,0,43568,2ae0,0,43455c0,-56.0
846,846,1750559119835947,-54,128,3C:6A:D2:84:AD:40,0,43584,2ae0,0,43455c0,-54.333333333333336
847,847,1750559119939307,-53,128,3C:6A:D2:84:AD:40,0,43600,2ae0,0,43455c0,-53.666666666666664
848,848,1750559119989856,-53,8,3C:6A:D2:84:AD:40,0,58352,2ae0,0,43455c0,-53.333333333333336
849,849,1750559120041381,-54,128,3C:6A:D2:84:AD:40,0,43616,2ae0,0,43455c0,-53.333333333333336
850,850,1750559120144568,-57,128,3C:6A:D2:84:AD:40,0,43632,2ae0,0,43455c0,-54.666666666666664
851,851,1750559120246591,-59,128,3C:6A:D2:84:AD:40,0,43648,2ae0,0,43455c0,-56.666666666666664
852,852,1750559120348943,-57,128,3C:6A:D2:84:AD:40,0,43664,2ae0,0,43455c0,-57.666666666666664
853,853,1750559120450203,-55,128,3C:6A:D2:84:AD:40,0,43680,2ae0,0,43455c0,-57.0
854,854,1750559120553707,-56,128,3C:6A:D2:84:AD:40,0,43696,2ae0,0,43455c0,-56.0
855,855,1750559120656154,-58,128,3C:6A:D2:84:AD:40,0,43712,2ae0,0,43455c0,-56.333333333333336
856,856,1750559120758515,-56,128,3C:6A:D2:84:AD:40,0,43728,2ae0,0,43455c0,-56.666666666666664
857,857,1750559120860931,-55,128,3C:6A:D2:84:AD:40,0,43744,2ae0,0,43455c0,-56.333333333333336
858,858,1750559120963398,-55,128,3C:6A:D2:84:AD:40,0,43760,2ae0,0,43455c0,-55.333333333333336
859,859,1750559121065887,-58,128,3C:6A:D2:84:AD:40,0,43776,2ae0,0,43455c0,-56.0
860,860,1750559121168198,-59,128,3C:6A:D2:84:AD:40,0,43792,2ae0,0,43455c0,-57.333333333333336
861,861,1750559121270637,-56,128,3C:6A:D2:84:AD:40,0,43808,2ae0,0,43455c0,-57.666666666666664
862,862,1750559121372913,-55,128,3C:6A:D2:84:AD:40,0,43824,2ae0,0,43455c0,-56.666666666666664
863,863,1750559121475359,-52,128,3C:6A:D2:84:AD:40,0,43840,2ae0,0,43455c0,-54.333333333333336
864,864,1750559121576671,-53,128,3C:6A:D2:84:AD:40,0,43856,2ae0,0,43455c0,-53.333333333333336
865,865,1750559121680145,-54,128,3C:6A:D2:84:AD:40,0,43872,2ae0,0,43455c0,-53.0
866,866,1750559121782206,-54,128,3C:6A:D2:84:AD:40,0,43888,2ae0,0,43455c0,-53.666666666666664
867,867,1750559121884952,-56,128,3C:6A:D2:84:AD:40,0,43904,2ae0,0,43455c0,-54.666666666666664
868,868,1750559121987359,-55,128,3C:6A:D2:84:AD:40,0,43920,2ae0,0,43455c0,-55.0
869,869,1750559122089794,-55,128,3C:6A:D2:84:AD:40,0,43936,2ae0,0,43455c0,-55.333333333333336
870,870,1750559122192174,-53,128,3C:6A:D2:84:AD:40,0,43952,2ae0,0,43455c0,-54.333333333333336
871,871,1750559122294538,-52,128,3C:6A:D2:84:AD:40,0,43968,2ae0,0,43455c0,-53.333333333333336
872,872,1750559122397063,-55,128,3C:6A:D2:84:AD:40,0,43984,2ae0,0,43455c0,-53.333333333333336
873,873,1750559122498327,-55,128,3C:6A:D2:84:AD:40,0,44000,2ae0,0,43455c0,-54.0
874,874,1750559122601747,-55,128,3C:6A:D2:84:AD:40,0,44016,2ae0,0,43455c0,-55.0
875,875,1750559122706176,-56,128,3C:6A:D2:84:AD:40,0,44032,2ae0,0,43455c0,-55.333333333333336
876,876,1750559122806574,-53,128,3C:6A:D2:84:AD:40,0,44048,2ae0,0,43455c0,-54.666666666666664
877,877,1750559122908942,-52,128,3C:6A:D2:84:AD:40,0,44064,2ae0,0,43455c0,-53.666666666666664
878,878,1750559123011359,-50,128,3C:6A:D2:84:AD:40,0,44080,2ae0,0,43455c0,-51.666666666666664
879,879,1750559123113907,-54,128,3C:6A:D2:84:AD:40,0,44096,2ae0,0,43455c0,-52.0
880,880,1750559123216182,-51,128,3C:6A:D2:84:AD:40,0,44112,2ae0,0,43455c0,-51.666666666666664
881,881,1750559123318627,-53,128,3C:6A:D2:84:AD:40,0,44128,2ae0,0,43455c0,-52.666666666666664
882,882,1750559123420663,-52,128,3C:6A:D2:84:AD:40,0,44144,2ae0,0,43455c0,-52.0
883,883,1750559123525666,-55,128,3C:6A:D2:84:AD:40,0,44160,2ae0,0,43455c0,-53.333333333333336
884,884,1750559123625786,-55,128,3C:6A:D2:84:AD:40,0,44176,2ae0,0,43455c0,-54.0
885,885,1750559123728176,-56,128,3C:6A:D2:84:AD:40,0,44192,2ae0,0,43455c0,-55.333333333333336
886,886,1750559123829541,-59,128,3C:6A:D2:84:AD:40,0,44208,2ae0,0,43455c0,-56.666666666666664
887,887,1750559123933033,-58,128,3C:6A:D2:84:AD:40,0,44224,2ae0,0,43455c0,-57.666666666666664
888,888,1750559124035424,-57,128,3C:6A:D2:84:AD:40,0,44240,2ae0,0,43455c0,-58.0
889,889,1750559124137826,-55,128,3C:6A:D2:84:AD:40,0,44256,2ae0,0,43455c0,-56.666666666666664
890,890,1750559124240236,-58,128,3C:6A:D2:84:AD:40,0,44272,2ae0,0,43455c0,-56.666666666666664
891,891,1750559124341735,-56,128,3C:6A:D2:84:AD:40,0,44288,2ae0,0,43455c0,-56.333333333333336
892,892,1750559124444928,-55,128,3C:6A:D2:84:AD:40,0,44304,2ae0,0,43455c0,-56.333333333333336
893,893,1750559124547388,-57,128,3C:6A:D2:84:AD:40,0,44320,2ae0,0,43455c0,-56.0
894,894,1750559124649783,-56,128,3C:6A:D2:84:AD:40,0,44336,2ae0,0,43455c0,-56.0
895,895,1750559124752227,-56,128,3C:6A:D2:84:AD:40,0,44352,2ae0,0,43455c0,-56.333333333333336
896,896,1750559124854633,-57,128,3C:6A:D2:84:AD:40,0,44368,2ae0,0,43455c0,-56.333333333333336
897,897,1750559124955925,-56,128,3C:6A:D2:84:AD:40,0,44384,2ae0,0,43455c0,-56.333333333333336
898,898,1750559125058763,-58,128,3C:6A:D2:84:AD:40,0,44400,2ae0,0,43455c0,-57.0
899,899,1750559125161923,-57,128,3C:6A:D2:84:AD:40,0,44416,2ae0,0,43455c0,-57.0
900,900,1750559125264211,-54,128,3C:6A:D2:84:AD:40,0,44432,2ae0,0,43455c0,-56.333333333333336
901,901,1750559125366596,-53,128,3C:6A:D2:84:AD:40,0,44448,2ae0,0,43455c0,-54.666666666666664
902,902,1750559125468975,-54,128,3C:6A:D2:84:AD:40,0,44464,2ae0,0,43455c0,-53.666666666666664
903,903,1750559125571419,-55,128,3C:6A:D2:84:AD:40,0,44480,2ae0,0,43455c0,-54.0
904,904,1750559125601895,-53,8,3C:6A:D2:84:AD:40,0,58368,2ae0,0,43455c0,-54.0
905,905,1750559125673837,-54,128,3C:6A:D2:84:AD:40,0,44496,2ae0,0,43455c0,-54.0
906,906,1750559125776192,-51,128,3C:6A:D2:84:AD:40,0,44512,2ae0,0,43455c0,-52.666666666666664
907,907,1750559125878592,-54,128,3C:6A:D2:84:AD:40,0,44528,2ae0,0,43455c0,-53.0
908,908,1750559125965737,-54,8,3C:6A:D2:84:AD:40,0,58384,2ae0,0,43455c0,-53.0
909,909,1750559125980951,-53,128,3C:6A:D2:84:AD:40,0,44544,2ae0,0,43455c0,-53.666666666666664
910,910,1750559126082375,-54,128,3C:6A:D2:84:AD:40,0,44560,2ae0,0,43455c0,-53.666666666666664
911,911,1750559126185765,-53,128,3C:6A:D2:84:AD:40,0,44576,2ae0,0,43455c0,-53.333333333333336
912,912,1750559126287749,-56,128,3C:6A:D2:84:AD:40,0,44592,2ae0,0,43455c0,-54.333333333333336
913,913,1750559126390525,-54,128,3C:6A:D2:84:AD:40,0,44608,2ae0,0,43455c0,-54.333333333333336
914,914,1750559126493008,-53,128,3C:6A:D2:84:AD:40,0,44624,2ae0,0,43455c0,-54.333333333333336
915,915,1750559126594648,-54,128,3C:6A:D2:84:AD:40,0,44640,2ae0,0,43455c0,-53.666666666666664
916,916,1750559126697899,-53,128,3C:6A:D2:84:AD:40,0,44656,2ae0,0,43455c0,-53.333333333333336
917,917,1750559126800183,-57,128,3C:6A:D2:84:AD:40,0,44672,2ae0,0,43455c0,-54.666666666666664
918,918,1750559126902738,-55,128,3C:6A:D2:84:AD:40,0,44688,2ae0,0,43455c0,-55.0
919,919,1750559127005013,-54,128,3C:6A:D2:84:AD:40,0,44704,2ae0,0,43455c0,-55.333333333333336
920,920,1750559127109441,-56,128,3C:6A:D2:84:AD:40,0,44720,2ae0,0,43455c0,-55.0
921,921,1750559127209787,-53,128,3C:6A:D2:84:AD:40,0,44736,2ae0,0,43455c0,-54.333333333333336
922,922,1750559127312243,-57,128,3C:6A:D2:84:AD:40,0,44752,2ae0,0,43455c0,-55.333333333333336
923,923,1750559127414576,-56,128,3C:6A:D2:84:AD:40,0,44768,2ae0,0,43455c0,-55.333333333333336
924,924,1750559127517003,-56,128,3C:6A:D2:84:AD:40,0,44784,2ae0,0,43455c0,-56.333333333333336
925,925,1750559127619411,-55,128,3C:6A:D2:84:AD:40,0,44800,2ae0,0,43455c0,-55.666666666666664
926,926,1750559127720884,-55,128,3C:6A:D2:84:AD:40,0,44816,2ae0,0,43455c0,-55.333333333333336
927,927,1750559127824338,-56,128,3C:6A:D2:84:AD:40,0,44832,2ae0,0,43455c0,-55.333333333333336
928,928,1750559127926579,-53,128,3C:6A:D2:84:AD:40,0,44848,2ae0,0,43455c0,-54.666666666666664
929,929,1750559128029053,-56,128,3C:6A:D2:84:AD:40,0,44864,2ae0,0,43455c0,-55.0
930,930,1750559128131505,-57,128,3C:6A:D2:84:AD:40,0,44880,2ae0,0,43455c0,-55.333333333333336
931,931,1750559128233789,-52,128,3C:6A:D2:84:AD:40,0,44896,2ae0,0,43455c0,-55.0
932,932,1750559128336233,-56,128,3C:6A:D2:84:AD:40,0,44912,2ae0,0,43455c0,-55.0
933,933,1750559128440577,-54,128,3C:6A:D2:84:AD:40,0,44928,2ae0,0,43455c0,-54.0
934,934,1750559128540476,-57,128,3C:6A:D2:84:AD:40,0,44944,2ae0,0,43455c0,-55.666666666666664
935,935,1750559128643390,-55,128,3C:6A:D2:84:AD:40,0,44960,2ae0,0,43455c0,-55.333333333333336
936,936,1750559128847171,-54,128,3C:6A:D2:84:AD:40,0,44992,2ae0,0,43455c0,-55.333333333333336
937,937,1750559128950596,-54,128,3C:6A:D2:84:AD:40,0,45008,2ae0,0,43455c0,-54.333333333333336
938,938,1750559129053035,-60,128,3C:6A:D2:84:AD:40,0,45024,2ae0,0,43455c0,-56.0
939,939,1750559129155419,-53,128,3C:6A:D2:84:AD:40,0,45040,2ae0,0,43455c0,-55.666666666666664
940,940,1750559129206357,-56,8,3C:6A:D2:84:AD:40,0,58400,2ae0,0,43455c0,-56.333333333333336
941,941,1750559129257810,-53,128,3C:6A:D2:84:AD:40,0,45056,2ae0,0,43455c0,-54.0
942,942,1750559129310717,-51,8,3C:6A:D2:84:AD:40,0,58416,2ae0,0,43455c0,-53.333333333333336
943,943,1750559129360225,-51,128,3C:6A:D2:84:AD:40,0,45072,2ae0,0,43455c0,-51.666666666666664
944,944,1750559129415040,-56,8,3C:6A:D2:84:AD:40,0,58432,2ae0,0,43455c0,-52.666666666666664
945,945,1750559129461556,-52,128,3C:6A:D2:84:AD:40,0,45088,2ae0,0,43455c0,-53.0
946,946,1750559129564886,-55,128,3C:6A:D2:84:AD:40,0,45104,2ae0,0,43455c0,-54.333333333333336
947,947,1750559129667451,-51,128,3C:6A:D2:84:AD:40,0,45120,2ae0,0,43455c0,-52.666666666666664
948,948,1750559129769877,-55,128,3C:6A:D2:84:AD:40,0,45136,2ae0,0,43455c0,-53.666666666666664
949,949,1750559129871158,-56,128,3C:6A:D2:84:AD:40,0,45152,2ae0,0,43455c0,-54.0
950,950,1750559129974670,-52,128,3C:6A:D2:84:AD:40,0,45168,2ae0,0,43455c0,-54.333333333333336
951,951,1750559130077069,-52,128,3C:6A:D2:84:AD:40,0,45184,2ae0,0,43455c0,-53.333333333333336
952,952,1750559130179457,-52,128,3C:6A:D2:84:AD:40,0,45200,2ae0,0,43455c0,-52.0
953,953,1750559130281814,-52,128,3C:6A:D2:84:AD:40,0,45216,2ae0,0,43455c0,-52.0
954,954,1750559130384254,-55,128,3C:6A:D2:84:AD:40,0,45232,2ae0,0,43455c0,-53.0
955,955,1750559130486606,-55,128,3C:6A:D2:84:AD:40,0,45248,2ae0,0,43455c0,-54.0
956,956,1750559130589084,-52,128,3C:6A:D2:84:AD:40,0,45264,2ae0,0,43455c0,-54.0
957,957,1750559130690753,-54,128,3C:6A:D2:84:AD:40,0,45280,2ae0,0,43455c0,-53.666666666666664
958,958,1750559130793996,-54,128,3C:6A:D2:84:AD:40,0,45296,2ae0,0,43455c0,-53.333333333333336
959,959,1750559130896251,-53,128,3C:6A:D2:84:AD:40,0,45312,2ae0,0,43455c0,-53.666666666666664
960,960,1750559130998691,-52,128,3C:6A:D2:84:AD:40,0,45328,2ae0,0,43455c0,-53.0
961,961,1750559131101026,-53,128,3C:6A:D2:84:AD:40,0,45344,2ae0,0,43455c0,-52.666666666666664
962,962,1750559131203434,-53,128,3C:6A:D2:84:AD:40,0,45360,2ae0,0,43455c0,-52.666666666666664
963,963,1750559131307597,-52,128,3C:6A:D2:84:AD:40,0,45376,2ae0,0,43455c0,-52.666666666666664
964,964,1750559131408860,-51,128,3C:6A:D2:84:AD:40,0,45392,2ae0,0,43455c0,-52.0
965,965,1750559131510653,-50,128,3C:6A:D2:84:AD:40,0,45408,2ae0,0,43455c0,-51.0
966,966,1750559131611973,-52,128,3C:6A:D2:84:AD:40,0,45424,2ae0,0,43455c0,-51.0
967,967,1750559131715570,-50,128,3C:6A:D2:84:AD:40,0,45440,2ae0,0,43455c0,-50.666666666666664
968,968,1750559131819731,-50,128,3C:6A:D2:84:AD:40,0,45456,2ae0,0,43455c0,-50.666666666666664
969,969,1750559131920308,-55,128,3C:6A:D2:84:AD:40,0,45472,2ae0,0,43455c0,-51.666666666666664
970,970,1750559132022626,-54,128,3C:6A:D2:84:AD:40,0,45488,2ae0,0,43455c0,-53.0
971,971,1750559132125033,-54,128,3C:6A:D2:84:AD:40,0,45504,2ae0,0,43455c0,-54.333333333333336
972,972,1750559132227471,-52,128,3C:6A:D2:84:AD:40,0,45520,2ae0,0,43455c0,-53.333333333333336
973,973,1750559132330041,-50,128,3C:6A:D2:84:AD:40,0,45536,2ae0,0,43455c0,-52.0
974,974,1750559132432249,-49,128,3C:6A:D2:84:AD:40,0,45552,2ae0,0,43455c0,-50.333333333333336
975,975,1750559132460861,-49,8,3C:6A:D2:84:AD:40,0,58448,2ae0,0,43455c0,-49.333333333333336
976,976,1750559132534640,-49,128,3C:6A:D2:84:AD:40,0,45568,2ae0,0,43455c0,-49.0
977,977,1750559132637034,-49,128,3C:6A:D2:84:AD:40,0,45584,2ae0,0,43455c0,-49.0
978,978,1750559132739434,-48,128,3C:6A:D2:84:AD:40,0,45600,2ae0,0,43455c0,-48.666666666666664
979,979,1750559132841911,-50,128,3C:6A:D2:84:AD:40,0,45616,2ae0,0,43455c0,-49.0
980,980,1750559132944271,-51,128,3C:6A:D2:84:AD:40,0,45632,2ae0,0,43455c0,-49.666666666666664
981,981,1750559133046678,-48,128,3C:6A:D2:84:AD:40,0,45648,2ae0,0,43455c0,-49.666666666666664
982,982,1750559133149048,-49,128,3C:6A:D2:84:AD:40,0,45664,2ae0,0,43455c0,-49.333333333333336
983,983,1750559133251468,-50,128,3C:6A:D2:84:AD:40,0,45680,2ae0,0,43455c0,-49.0
984,984,1750559133353872,-50,128,3C:6A:D2:84:AD:40,0,45696,2ae0,0,43455c0,-49.666666666666664
985,985,1750559133455272,-50,128,3C:6A:D2:84:AD:40,0,45712,2ae0,0,43455c0,-50.0
986,986,1750559133558607,-53,128,3C:6A:D2:84:AD:40,0,45728,2ae0,0,43455c0,-51.0
987,987,1750559133593211,-53,8,3C:6A:D2:84:AD:40,0,58464,2ae0,0,43455c0,-52.0
988,988,1750559133661034,-52,128,3C:6A:D2:84:AD:40,0,45744,2ae0,0,43455c0,-52.666666666666664
989,989,1750559133763434,-50,128,3C:6A:D2:84:AD:40,0,45760,2ae0,0,43455c0,-51.666666666666664
990,990,1750559133864788,-51,128,3C:6A:D2:84:AD:40,0,45776,2ae0,0,43455c0,-51.0
991,991,1750559133968308,-50,128,3C:6A:D2:84:AD:40,0,45792,2ae0,0,43455c0,-50.333333333333336
992,992,1750559134070634,-50,128,3C:6A:D2:84:AD:40,0,45808,2ae0,0,43455c0,-50.333333333333336
993,993,1750559134173145,-52,128,3C:6A:D2:84:AD:40,0,45824,2ae0,0,43455c0,-50.666666666666664
994,994,1750559134275498,-52,128,3C:6A:D2:84:AD:40,0,45840,2ae0,0,43455c0,-51.333333333333336
995,995,1750559134376766,-51,128,3C:6A:D2:84:AD:40,0,45856,2ae0,0,43455c0,-51.666666666666664
996,996,0,0,0,0,0,0,0,0,0,-34.333333333333336
997,997,0,0,0,0,0,0,0,0,0,-17.0
998,998,0,0,0,0,0,0,0,0,0,0.0
999,999,0,0,0,0,0,0,0,0,0,0.0
